"ORF"	"Gene Name"	"site"	"centered_15mer"	"log2H/L_asynchronous"	"log2H/L_nocodazole"	"log2H/L_clb2"	"Uniprot"
"YCR088W"	"ABP1"	"S163"	"STPPVKKsFTPSKSP"	NA	NA	-1.05	"P15891"
"YCR088W"	"ABP1"	"T165"	"PPVKKSFtPSKSPAP"	-3.06	-1.69	-2.67	"P15891"
"YCR088W"	"ABP1"	"S167"	"VKKSFTPsKSPAPVS"	NA	NA	-1.9	"P15891"
"YCR088W"	"ABP1"	"S169"	"KSFTPSKsPAPVSKK"	-3.06	-1.69	-2.67	"P15891"
"YCR088W"	"ABP1"	"T181"	"SKKEPVKtPSPAPAA"	-1.28	NA	-1.74	"P15891"
"YCR088W"	"ABP1"	"S183"	"KEPVKTPsPAPAAKI"	-1.28	-0.19	-1.32	"P15891"
"YCR088W"	"ABP1"	"S313"	"KGFRNEKsPAQLWAE"	NA	NA	-1.18	"P15891"
"YOR239W"	"ABP140"	"S95"	"DEEEGSMsENKIYSK"	NA	NA	-1.04	"Q08641"
"YNR033W"	"ABZ1"	"S685"	"GIDVLKHsLPPGSMT"	-2.28	NA	NA	"P37254"
"YLR131C"	"ACE2"	"S80"	"LDIPLVPsPKTGDGS"	-0.66	-0.42	-1.27	"P21192"
"YLR131C"	"ACE2"	"S242"	"EVAQKLVsGATNSNS"	NA	NA	-1.09	"P21192"
"YLR131C"	"ACE2"	"T245"	"QKLVSGAtNSNSKPG"	NA	-0.16	-3.56	"P21192"
"YLR131C"	"ACE2"	"S247"	"LVSGATNsNSKPGSP"	NA	-0.16	-3.9	"P21192"
"YLR131C"	"ACE2"	"S249"	"SGATNSNsKPGSPVI"	-0.14	NA	-1.06	"P21192"
"YLR131C"	"ACE2"	"S253"	"NSNSKPGsPVILKTP"	-0.14	-0.16	-1.06	"P21192"
"YLR131C"	"ACE2"	"T259"	"GSPVILKtPAMQNGR"	NA	NA	-2.24	"P21192"
"YLR131C"	"ACE2"	"S303"	"SNTSINGsPSRKYHR"	NA	NA	-2.64	"P21192"
"YLR131C"	"ACE2"	"T384"	"IFRLFEKtSPGGLSI"	NA	NA	-1.56	"P21192"
"YLR131C"	"ACE2"	"S385"	"FRLFEKTsPGGLSIS"	NA	NA	-3.2	"P21192"
"YLR131C"	"ACE2"	"S390"	"KTSPGGLsISPRING"	NA	NA	-3.2	"P21192"
"YLR131C"	"ACE2"	"S392"	"SPGGLSIsPRINGNS"	-0.16	-1.23	-3.28	"P21192"
"YLR131C"	"ACE2"	"S428"	"FTPRTQLsPIHKKRE"	NA	NA	-2.48	"P21192"
"YLR131C"	"ACE2"	"T486"	"IPGSSNNtPIKNSLP"	NA	-0.77	-3.51	"P21192"
"YLR131C"	"ACE2"	"T501"	"QKHVFQHtPVKAPPK"	NA	NA	-3.46	"P21192"
"YLR131C"	"ACE2"	"S564"	"SPTLHSTsPLPDEII"	NA	NA	-2.07	"P21192"
"YJR083C"	"ACF4"	"T49"	"SKSPRVTtPLKPKRL"	NA	NA	-3.1	"P47129"
"YJR083C"	"ACF4"	"S62"	"RLAIPISsPQRSTTN"	NA	NA	-3.04	"P47129"
"YJR083C"	"ACF4"	"S71"	"QRSTTNQsPVSDHAS"	-0.12	-1.38	0.03	"P47129"
"YPL267W"	"ACM1"	"S202"	"KKVVRKLsFHVYEDE"	-1.85	NA	-1.78	"Q08981"
"YLR359W"	"ADE13"	"S404"	"HERIRVLsHQAAAVV"	NA	-1.43	NA	"Q05911"
"YMR120C"	"ADE17"	"S84"	"ILARDIDsDEKDLKE"	NA	-1.75	NA	"P38009"
"YDR216W"	"ADR1"	"T188"	"ASSVKFQtPTYGTPD"	-2.073176645	NA	NA	"P07248"
"YCL025C"	"AGP1"	"S87"	"NDLTSAIsPSSRQAQ"	NA	NA	-1.99	"P25376"
"YCL025C"	"AGP1"	"S101"	"QELEKNEsSDNIGAN"	NA	0.27	-1.16	"P25376"
"YCL025C"	"AGP1"	"S102"	"ELEKNESsDNIGANT"	NA	NA	-1.37	"P25376"
"YOR023C"	"AHC1"	"S505"	"LLRKRKLsLNSSTPM"	NA	0.45	-1.03	"Q12433"
"YIR003W"	"AIM21"	"T18"	"ERPSRRKtSELFPLS"	-2.16	-0.19	-0.15	"P40563"
"YBR108W"	"AIM3"	"T826"	"SHIKLRKtNVNLEKL"	NA	-2.12	NA	"P38266"
"YMR157C"	"AIM36"	"T185"	"TYAYNLPtGMLVMLL"	NA	-5.2	NA	"Q03798"
"YPL158C"	"AIM44"	"S365"	"SNLQRSIsSKSLVPV"	NA	NA	-1.12	"Q99299"
"YBR059C"	"AKL1"	"S504"	"DPTISEQsPRLNTQS"	0.07	-0.67	-2.86	"P38080"
"YBR059C"	"AKL1"	"S801"	"EALLIELsPLKEDAG"	-1.5	NA	-1.54	"P38080"
"YBR059C"	"AKL1"	"S1099"	"GSNGKRRsFFSVFRS"	-0.57	-1.18	NA	"P38080"
"YJL122W"	"ALB1"	"T70"	"KNESQNStAVTLQNA"	NA	-1.85	NA	"P47019"
"YJL122W"	"ALB1"	"S80"	"TLQNASSsPASITTR"	NA	NA	-1.67	"P47019"
"YGL021W"	"ALK1"	"S351"	"ITLKNKAsSSSLSLN"	-1.69	NA	NA	"P43633"
"YGL021W"	"ALK1"	"S440"	"NKLRYSTsLLSLNSK"	-1.17	NA	NA	"P43633"
"YGL021W"	"ALK1"	"S443"	"RYSTSLLsLNSKSSL"	-1.17	0.04	-1.51	"P43633"
"YOL130W"	"ALR1"	"T143"	"YVESNIHtPPKDVGV"	NA	NA	-2.07	"Q08269"
"YOL130W"	"ALR1"	"S185"	"ITKVRKSsLVSPVLE"	NA	NA	-1.45	"Q08269"
"YOL130W"	"ALR1"	"S188"	"VRKSSLVsPVLEIPH"	NA	NA	-1.45	"Q08269"
"YOL130W"	"ALR1"	"S217"	"KRTYSTTsAHSSINP"	-1.34	NA	NA	"Q08269"
"YOL130W"	"ALR1"	"S221"	"STTSAHSsINPAVLL"	-1.34	0.17	0.09	"Q08269"
"YKR021W"	"ALY1"	"S573"	"VLSSPVLsPNVQKMN"	NA	-1.41	NA	"P36117"
"YJL084C"	"ALY2"	"S176"	"GLSSLNLsPLGAPGN"	NA	NA	-1.56	"P47029"
"YJL084C"	"ALY2"	"S213"	"NGPSRNLsPINLLKR"	-2.27	-0.28	-1.02	"P47029"
"YJL084C"	"ALY2"	"S793"	"STSTGNQsNEKNRKR"	NA	NA	-3.64	"P47029"
"YJR005W"	"APL1"	"S687"	"SKLSRKPsTLLRKLS"	-1.62	NA	NA	"P27351"
"YPL195W"	"APL5"	"T767"	"ETIRLNRtDNSLNSL"	NA	-1.06	NA	"Q08951"
"YPL195W"	"APL5"	"S770"	"RLNRTDNsLNSLSLS"	NA	-1.06	NA	"Q08951"
"YGR261C"	"APL6"	"S10"	"DSIHRIAsALDTAKV"	-1.58	0.35	0.71	"P46682"
"YOR141C"	"ARP8"	"S70"	"PRSVTGLsVDPRDVA"	-2.58	NA	NA	"Q12386"
"YOR141C"	"ARP8"	"S233"	"NNNTSQIsSTNTPDV"	-1.25	NA	NA	"Q12386"
"YGR068C"	"ART5"	"S158"	"FLSKRSLsSPVFNKI"	NA	-2.52	NA	"P53244"
"YOR058C"	"ASE1"	"S17"	"PIKSRRNsENSGSTT"	NA	NA	-1.11	"P50275"
"YDL197C"	"ASF2"	"S95"	"GYEIKMAsLHGKMKS"	NA	-2.68	NA	"P32448"
"YKL185W"	"ASH1"	"S253"	"TRSSKFHsPSKESFD"	NA	NA	-1.23	"P34233"
"YKL052C"	"ASK1"	"S250"	"NSNNIESsPLKQGHH"	NA	NA	-2.34	"P35734"
"YGR097W"	"ASK10"	"S804"	"FDGNGFRsKVNTPAI"	-2.47	NA	NA	"P48361"
"YGR097W"	"ASK10"	"T808"	"GFRSKVNtPAIDDYG"	-2.47	NA	NA	"P48361"
"YGR097W"	"ASK10"	"S944"	"NNYTQRNsEGSSPCY"	-0.55	NA	-1.26	"P48361"
"YGR097W"	"ASK10"	"S973"	"QPLSRTSsSSVNVTA"	NA	-1.16	-0.18	"P48361"
"YGR097W"	"ASK10"	"S1045"	"QTLKKTNsTGNVPCL"	-1.13	-0.62	NA	"P48361"
"YGL180W"	"ATG1"	"S677"	"FGKGRTLsATSQLSA"	NA	NA	-2.12	"P53104"
"YGL180W"	"ATG1"	"S680"	"GRTLSATsQLSATFN"	-3.65	NA	-0.44	"P53104"
"YGL180W"	"ATG1"	"S683"	"LSATSQLsATFNKLP"	NA	NA	-2.12	"P53104"
"YPR185W"	"ATG13"	"S360"	"ANSFEPQsWQKKVYP"	-0.09	-1.32	-0.47	"Q06628"
"YPL100W"	"ATG21"	"T213"	"ANLNRVAtNLLANAT"	NA	-1.58	NA	"Q02887"
"YLR114C"	"AVL9"	"S571"	"LKNRSKTsNAIQKAM"	NA	NA	-2.04	"Q12500"
"YMR068W"	"AVO2"	"S315"	"VKTPVGVsPKKELVS"	NA	NA	-2.29	"Q04749"
"YJR001W"	"AVT1"	"T181"	"GGAGRRFtNNDMDSI"	NA	NA	-1.42	"P47082"
"YJR001W"	"AVT1"	"S187"	"FTNNDMDsIVVKRVE"	NA	-0.52	-1.17	"P47082"
"YKL146W"	"AVT3"	"S119"	"RHLIRNPsNSLQLQG"	-1.78	-1.86	-0.39	"P36062"
"YKL146W"	"AVT3"	"S121"	"LIRNPSNsLQLQGGD"	NA	-1.86	NA	"P36062"
"YNL101W"	"AVT4"	"S34"	"KIPRRAQsTVLNSNP"	-1.62	-1.07	NA	"P50944"
"YNL101W"	"AVT4"	"T35"	"IPRRAQStVLNSNPF"	-1.62	NA	NA	"P50944"
"YNL101W"	"AVT4"	"S298"	"PSAKGTTsTKKVFLI"	NA	-2.56	NA	"P50944"
"YBR068C"	"BAP2"	"S16"	"SSGKKETsPDSISIR"	-1.11	NA	0.05	"P38084"
"YBR068C"	"BAP2"	"S19"	"KKETSPDsISIRSFS"	-1.1	-0.34	-0.16	"P38084"
"YBR068C"	"BAP2"	"T75"	"TKQINENtSDLEDGV"	NA	NA	-1.23	"P38084"
"YBR068C"	"BAP2"	"S76"	"KQINENTsDLEDGVE"	-0.3	0.7	-1.17	"P38084"
"YBR068C"	"BAP2"	"S84"	"DLEDGVEsITSDSKL"	0.11	NA	-1.17	"P38084"
"YJL020C"	"BBC1"	"S103"	"KDLPEPIsPETKKET"	-0.07	-1.03	-0.44	"P47068"
"YJL020C"	"BBC1"	"S166"	"PKLKARLsMFNQDIT"	-1.72	-1.26	-0.14	"P47068"
"YJL095W"	"BCK1"	"S331"	"SIPARPHsIIESNST"	NA	NA	-1.03	"Q01389"
"YJL095W"	"BCK1"	"T407"	"GKSKHYEtNVSSPLK"	NA	NA	-1.33	"Q01389"
"YJL095W"	"BCK1"	"S411"	"HYETNVSsPLKQSSL"	NA	NA	-1.33	"Q01389"
"YJL095W"	"BCK1"	"S747"	"PKMVFKTsPKLELNL"	NA	NA	-1.36	"Q01389"
"YJL095W"	"BCK1"	"S816"	"PKPPANTsPQRTLST"	NA	NA	-2.73	"Q01389"
"YJL095W"	"BCK1"	"S1328"	"DFGISRKsKDIYSNS"	NA	NA	-3.25	"Q01389"
"YER167W"	"BCK2"	"S418"	"SSMSNRYsPIRVASP"	NA	NA	-1.08	"P33306"
"YIL033C"	"BCY1"	"S89"	"RSSVMFKsPFVNEDP"	NA	NA	-1.19	"P07278"
"YER155C"	"BEM2"	"T489"	"SRLTNNStQFYNISP"	NA	NA	-1.75	"P39960"
"YER155C"	"BEM2"	"T1038"	"MLINNPAtPNQKMRD"	NA	NA	-1.47	"P39960"
"YPL115C"	"BEM3"	"S254"	"VINNHLHsPLKASTS"	NA	NA	-2.5	"P32873"
"YPL115C"	"BEM3"	"S324"	"ENKALGFsPASKEKL"	NA	NA	-2.66	"P32873"
"YOR198C"	"BFR1"	"T336"	"ADDLVLVtPKKDDFV"	NA	NA	-1.42	"P38934"
"YDR299W"	"BFR2"	"T54"	"GNSNTEEtKKAHYLE"	NA	-1.47	NA	"Q06631"
"YCL029C"	"BIK1"	"T90"	"SQTSRRTtMEPLSIP"	NA	NA	-2.86	"P11709"
"YCL029C"	"BIK1"	"S95"	"RTTMEPLsIPKNRSI"	NA	NA	-2.86	"P11709"
"YJR089W"	"BIR1"	"S381"	"PNVQLTQsSSPIKKK"	NA	NA	-2.9	"P47134"
"YFL007W"	"BLM10"	"S11"	"NNDDDIKsPIPITNK"	-3.49	NA	NA	"P43583"
"YFL007W"	"BLM10"	"S29"	"QLKRFERsPGRPSSS"	0.55	-0.2	-1.95	"P43583"
"YNL271C"	"BNI1"	"S1924"	"DTPVKQNsILDEHLE"	NA	NA	-3.79	"P41832"
"YNL233W"	"BNI4"	"T410"	"LRKNHDDtPVKIDHV"	NA	NA	-2.64	"P53858"
"YNL166C"	"BNI5"	"S97"	"TENEANKsTDDPSQL"	NA	NA	-1.63	"P53890"
"YBL085W"	"BOI1"	"S405"	"PKPPSYPsPVQPPQS"	NA	-0.61	-3.01	"P38041"
"YBL085W"	"BOI1"	"S412"	"SPVQPPQsPSFNNRY"	NA	-0.91	-3.01	"P38041"
"YBL085W"	"BOI1"	"S540"	"FNRISMLsPVKSSFD"	NA	NA	-4.26	"P38041"
"YBL085W"	"BOI1"	"S599"	"LSFFSSKsQSNPTSP"	NA	NA	-1.99	"P38041"
"YBL085W"	"BOI1"	"S601"	"FFSSKSQsNPTSPTK"	NA	NA	-2.04	"P38041"
"YBL085W"	"BOI1"	"S737"	"KEFKRSPsELTQKST"	NA	-1.25	0.45	"P38041"
"YER114C"	"BOI2"	"S450"	"PKPPSYPsPAQPPKS"	NA	NA	-1.78	"P39969"
"YER114C"	"BOI2"	"S457"	"SPAQPPKsPLLNNTR"	NA	NA	-1.78	"P39969"
"YER114C"	"BOI2"	"S519"	"QGGGKALsPIPSPTR"	-0.13	-1.07	-0.82	"P39969"
"YER114C"	"BOI2"	"S523"	"KALSPIPsPTRNSVR"	-0.13	-1.07	-0.82	"P39969"
"YER114C"	"BOI2"	"S652"	"KKSSFMLsPFRQQFT"	NA	NA	-4.07	"P39969"
"YNL042W"	"BOP3"	"S231"	"SLHSRNLsLPIGKFT"	NA	-1.4	NA	"P53958"
"YNR051C"	"BRE5"	"S282"	"PIKTKEGsVEAINAV"	-1.36	-0.34	-0.77	"P53741"
"YHR036W"	"BRL1"	"S56"	"PHFPSSPsPLRNTLD"	NA	NA	-2.11	"P38770"
"YER172C"	"BRR2"	"S961"	"LYKVPDIsSDGQLKK"	NA	NA	-5.12	"P32639"
"YER172C"	"BRR2"	"S962"	"YKVPDISsDGQLKKF"	NA	NA	-5.12	"P32639"
"YPR171W"	"BSP1"	"S39"	"KPAGEALsPVRSHNS"	NA	NA	-1.08	"Q06604"
"YPR171W"	"BSP1"	"S79"	"YNYEMTFsPKKTHYS"	NA	NA	-1.07	"Q06604"
"YPR171W"	"BSP1"	"T293"	"DSIQLKPtTLSPTMK"	NA	NA	-1.27	"Q06604"
"YPR171W"	"BSP1"	"S296"	"QLKPTTLsPTMKNKP"	NA	NA	-1.14	"Q06604"
"YPR171W"	"BSP1"	"S309"	"KPKPTPPsPPAKRIP"	NA	-0.71	-1.1	"Q06604"
"YKL092C"	"BUD2"	"S1066"	"GNLGNRFsPTKLSRI"	NA	NA	-2.17	"P33314"
"YCL014W"	"BUD3"	"S1085"	"DEHRQNEsRVFNDDL"	-2.18	NA	NA	"P25558"
"YCL014W"	"BUD3"	"S1515"	"NAQKVQEsPSGPLIY"	NA	NA	-1.86	"P25558"
"YCL014W"	"BUD3"	"S1549"	"KDEPIWVsPSKIDFA"	NA	NA	-1.62	"P25558"
"YCL014W"	"BUD3"	"S1589"	"YKYTGEGsIGNMTNM"	NA	NA	-1.57	"P25558"
"YCL014W"	"BUD3"	"S1603"	"MLLTKDAsYAYLKDF"	-1.25	NA	-1.71	"P25558"
"YJR092W"	"BUD4"	"S39"	"PLLSYPEsPIHRSSI"	NA	-0.33	-1.55	"P47136"
"YJR092W"	"BUD4"	"S418"	"SSSCEDQsVSEARNK"	NA	NA	-2.09	"P47136"
"YJR092W"	"BUD4"	"S678"	"TQDEAEIsIREIESA"	NA	-0.09	-1.45	"P47136"
"YLR319C"	"BUD6"	"S327"	"IDDVSKAsPLAKTPL"	-0.79	-0.91	-1.17	"P41697"
"YLR353W"	"BUD8"	"T411"	"SRYEGHKtPSPLTKM"	NA	NA	-3.22	"P41698"
"YLR353W"	"BUD8"	"S413"	"YEGHKTPsPLTKMNK"	NA	NA	-3.22	"P41698"
"YDL099W"	"BUG1"	"T277"	"AARNTTAtPIQFADF"	NA	-1.06	NA	"Q12191"
"YMR275C"	"BUL1"	"S70"	"KSWIRSAsATGILGL"	-1.58	0.02	-0.59	"P48524"
"YML111W"	"BUL2"	"T22"	"PPLKSVStEDNIHLL"	NA	-1.03	NA	"Q03758"
"YKL005C"	"BYE1"	"S177"	"DVFLDEEsPRKRKRS"	NA	NA	-1.36	"P36106"
"YNL278W"	"CAF120"	"S510"	"SPSIKRKsPPLVISE"	NA	NA	-2.02	"P53836"
"YNL278W"	"CAF120"	"S518"	"PPLVISEsPHKVHTP"	NA	NA	-2.02	"P53836"
"YNL278W"	"CAF120"	"S556"	"FASSVNDsPSDRAKS"	NA	NA	-2.42	"P53836"
"YNL278W"	"CAF120"	"T577"	"NNDRKATtPEKFERG"	NA	NA	-1.11	"P53836"
"YNL278W"	"CAF120"	"S871"	"VQPANINsPNKMYGA"	NA	-1.24	NA	"P53836"
"YJR060W"	"CBF1"	"S45"	"QRDQGLLsQESNDGN"	-1.02	-0.86	NA	"P17106"
"YJR060W"	"CBF1"	"S48"	"QGLLSQEsNDGNIDS"	-1.02	0.17	-0.06	"P17106"
"YNL161W"	"CBK1"	"T93"	"PALNYPAtPPPHNNY"	NA	NA	-1.993866583	"P53894"
"YNL161W"	"CBK1"	"T109"	"ASNQMINtPPPSMGG"	NA	NA	-1.993866583	"P53894"
"YCR002C"	"CDC10"	"S316"	"SRSSAHMsSNAIQR"	NA	NA	-1.03	"P25342"
"YDL220C"	"CDC13"	"S340"	"SFHSPNAsSIRKAIS"	NA	NA	-1.1	"P32797"
"YFR028C"	"CDC14"	"S429"	"SSAVPQTsPGQPRKG"	NA	-1.42	NA	"Q00684"
"YAL038W"	"CDC19"	"S22"	"GSDLRRTsIIGTIGP"	-1.5	0.48	-0.06	"P00549"
"YAL038W"	"CDC19"	"T407"	"VLSTSGTtPRLVSKY"	-1.89	-0.02	NA	"P00549"
"YBL084C"	"CDC27"	"S354"	"KLLTTPPsKLLNNDR"	NA	NA	-2.3	"P38042"
"YLR314C"	"CDC3"	"S503"	"ELSINSAsPNVNHSP"	-1.58	-2.24	-2.11	"P32457"
"YLR314C"	"CDC3"	"S509"	"ASPNVNHsPVPTKKK"	-1.67	-0.41	-1.59	"P32457"
"YLR314C"	"CDC3"	"T513"	"VNHSPVPtKKKGFLR"	NA	NA	-1.04	"P32457"
"YMR001C"	"CDC5"	"T70"	"KLSALCKtPPSLIKT"	NA	-1.87	-2.83	"P32562"
"YMR001C"	"CDC5"	"S73"	"ALCKTPPsLIKTRGK"	NA	-1.87	-2.83	"P32562"
"YJL194W"	"CDC6"	"T368"	"NSAQVPLtPTTSPVK"	NA	NA	-2.53	"P09119"
"YJL194W"	"CDC6"	"S372"	"VPLTPTTsPVKKSYP"	NA	NA	-2.53	"P09119"
"YPL160W"	"CDC60"	"S61"	"RTYPKFMsSMAYPYM"	-6.2	NA	NA	"P26637"
"YPL160W"	"CDC60"	"T79"	"MHAGHCFtLSKVEFS"	-6.2	-2.37	NA	"P26637"
"YPL160W"	"CDC60"	"S81"	"AGHCFTLsKVEFSIG"	-6.2	-2.37	NA	"P26637"
"YPL160W"	"CDC60"	"T142"	"EEEIKEEtPAEKDHE"	-1.52	NA	-0.57	"P26637"
"YGL003C"	"CDH1"	"S216"	"GRRLSAAsLLQSQFF"	NA	NA	-3.18	"P53197"
"YGL003C"	"CDH1"	"S227"	"SQFFDSMsPVRPDSK"	NA	NA	-3.18	"P53197"
"YIL003W"	"CFD1"	"S291"	"HEQPQIEsPK"	0.12	NA	-1.04	"P40558"
"YBR038W"	"CHS2"	"S43"	"WANPSEEsLEDSYDQ"	NA	0.56	-2.61	"P14180"
"YBR038W"	"CHS2"	"S60"	"VFQGLPAsPSRAALR"	NA	NA	-2.61	"P14180"
"YBR038W"	"CHS2"	"S82"	"RTQFYRDsAHNSPVA"	NA	NA	-3.49	"P14180"
"YBR038W"	"CHS2"	"S86"	"YRDSAHNsPVAPNRY"	NA	NA	-3.58	"P14180"
"YBR038W"	"CHS2"	"S100"	"YAANLQEsPKRAGEA"	NA	NA	-1.53	"P14180"
"YBR038W"	"CHS2"	"S133"	"PVDPYHLsPQQQPSN"	NA	-2.57	NA	"P14180"
"YBR038W"	"CHS2"	"S145"	"PSNNLFGsGRLYSQS"	NA	-2.57	-2.65	"P14180"
"YBR023C"	"CHS3"	"S537"	"SLGHKRAsTFDLLKK"	-0.69	-1.76	-0.5	"P29465"
"YBR023C"	"CHS3"	"T538"	"LGHKRAStFDLLKKH"	NA	-1.76	5.75	"P29465"
"YMR198W"	"CIK1"	"S51"	"NKLNILHsSGSGIRR"	NA	-1.94	NA	"Q01649"
"YMR198W"	"CIK1"	"S52"	"KLNILHSsGSGIRRC"	NA	-1.94	NA	"Q01649"
"YMR198W"	"CIK1"	"S54"	"NILHSSGsGIRRCYT"	NA	-1.94	NA	"Q01649"
"YLR133W"	"CKI1"	"S14"	"PGSVRSYsVGYQARS"	NA	0.03	-1.05	"P20485"
"YNL298W"	"CLA4"	"S367"	"GPMHPNNsQRSLQQQ"	NA	NA	-1.32	"P48562"
"YNL298W"	"CLA4"	"S370"	"HPNNSQRsLQQQQQQ"	NA	NA	-1.32	"P48562"
"YNL298W"	"CLA4"	"S445"	"PRYAQNSsPTAAHFQ"	NA	NA	-1.18	"P48562"
"YFR014C"	"CMK1"	"S417"	"LNINRVCsSDSDLPG"	-1.17	0.44	-0.27	"P27466"
"YDL156W"	"CMR1"	"S99"	"NQLLKMGsPDGQDKN"	NA	NA	-1.13	"Q12510"
"YNL225C"	"CNM67"	"T121"	"VPNFIHStPRENSSK"	NA	0	-1.16	"P53865"
"YKL179C"	"COY1"	"S413"	"ERNELKKsVDQLKQQ"	-2.67	NA	NA	"P34237"
"YPR030W"	"CSR2"	"T43"	"RNREMIStSLSPQKS"	-2.56	NA	0.07	"Q12734"
"YPR030W"	"CSR2"	"S963"	"EATSVSAsPRSSVSY"	NA	NA	-1.07	"Q12734"
"YOR042W"	"CUE5"	"T364"	"AETTYIDtPDTETKK"	-1.57	NA	-1.68	"Q08412"
"YOR042W"	"CUE5"	"T367"	"TYIDTPDtETKKKWQ"	NA	NA	-3.07	"Q08412"
"YDL209C"	"CWC2"	"S313"	"KKVKKNIsRENISSK"	NA	NA	-1.19	"Q12046"
"YIR023W"	"DAL81"	"T867"	"SQSSPNVtPSHMSRH"	NA	NA	-1.47	"P21657"
"YIR023W"	"DAL81"	"S872"	"NVTPSHMsRHPPSNT"	NA	NA	-2.69	"P21657"
"YIR023W"	"DAL81"	"T907"	"PLTSINEtRQESGDA"	-1.35	NA	NA	"P21657"
"YGR113W"	"DAM1"	"S292"	"LHPNNRIsLGSGAAR"	-1.34	NA	0.33	"P53267"
"YML113W"	"DAT1"	"T236"	"PSPAAHItKNSDSTE"	NA	NA	-2.75	"P13483"
"YGR092W"	"DBF2"	"S17"	"DLLAGNMsNLSFDGH"	NA	NA	-1.36	"P22204"
"YGR092W"	"DBF2"	"S20"	"AGNMSNLsFDGHGTP"	NA	NA	-1.36	"P22204"
"YGR092W"	"DBF2"	"S51"	"RPAGINDsPSPVKPS"	NA	NA	-1.7	"P22204"
"YGR092W"	"DBF2"	"S53"	"AGINDSPsPVKPSFF"	NA	NA	-1.7	"P22204"
"YGR092W"	"DBF2"	"S83"	"PDMDVSNsPKKLPPK"	NA	NA	-1.7	"P22204"
"YDR052C"	"DBF4"	"S11"	"PTKMIIRsPLKETDT"	NA	NA	-3.93	"P32325"
"YIR030C"	"DCG1"	"S107"	"AKEKADVsIVGLLDS"	-5.92	NA	NA	"P32460"
"YNL118C"	"DCP2"	"T710"	"KILKRGEtFASLAND"	NA	-1.58	NA	"P53550"
"YPL194W"	"DDC1"	"T433"	"LPHSVAGtRNSPLKV"	NA	NA	-2.54	"Q08949"
"YMR173W"	"DDR48"	"S200"	"NDDSYGSsNKKKSSY"	NA	NA	-1.52	"P18899"
"YHR164C"	"DNA2"	"S236"	"TKFSDLPsSPIKAPN"	NA	NA	-1.57	"P38859"
"YHR164C"	"DNA2"	"S237"	"KFSDLPSsPIKAPNV"	NA	NA	-1.57	"P38859"
"YER166W"	"DNF1"	"S1563"	"PGVTNAAsLIGTQQN"	-1.33	0.47	NA	"P32660"
"YDR093W"	"DNF2"	"S1532"	"SRKGYRVsTTLERRD"	-2.06	NA	-0.45	"Q12675"
"YMR162C"	"DNF3"	"S908"	"LSSVPRAsLSLQAVR"	-1.1	0.37	NA	"Q12674"
"YMR162C"	"DNF3"	"S1615"	"RPSLKTQsSKDSIGG"	NA	NA	-1.73	"Q12674"
"YMR162C"	"DNF3"	"S1619"	"KTQSSKDsIGGNITT"	NA	NA	-1.46	"Q12674"
"YDR141C"	"DOP1"	"T836"	"RDDLDMLtYEFQMLA"	NA	NA	-3.84	"Q03921"
"YER088C"	"DOT6"	"S480"	"QWRLNALsSDADMLS"	NA	NA	-1.86	"P40059"
"YER088C"	"DOT6"	"S481"	"WRLNALSsDADMLSP"	NA	NA	-1.86	"P40059"
"YER088C"	"DOT6"	"S487"	"SSDADMLsPTHSPQK"	NA	NA	-2.06	"P40059"
"YER088C"	"DOT6"	"T489"	"DADMLSPtHSPQKTL"	NA	NA	-2.06	"P40059"
"YER088C"	"DOT6"	"S491"	"DMLSPTHsPQKTLSK"	NA	-0.68	-2	"P40059"
"YBR208C"	"DUR1,2"	"S803"	"IGLQKVDsEEDIEHI"	NA	-1.38	NA	"P32528"
"YKR054C"	"DYN1"	"S2117"	"TKESLYGsMLKATLE"	-1.54	NA	NA	"P36022"
"YBL101C"	"ECM21"	"S33"	"KGQPFQPsPTKKLGS"	NA	NA	-1.58	"P38167"
"YBL101C"	"ECM21"	"S136"	"SDTNRRTsGRLSVDQ"	NA	NA	-1.41	"P38167"
"YBL101C"	"ECM21"	"T1028"	"NLDKLLStPSPVNRS"	-1.89	NA	NA	"P38167"
"YBL101C"	"ECM21"	"S1030"	"DKLLSTPsPVNRSHN"	-1.89	NA	-0.74	"P38167"
"YJL201W"	"ECM25"	"S411"	"SPQRSVTsPTYTPVA"	NA	-1.38	NA	"P32525"
"YJL201W"	"ECM25"	"T422"	"TPVALQNtPVLKPKS"	NA	-1.38	NA	"P32525"
"YER176W"	"ECM32"	"S392"	"TSRWTIGsDTESSRE"	-1.77	0.08	0.14	"P32644"
"YGL222C"	"EDC1"	"S145"	"IPMGCNGsAKKLSHS"	-1.63	NA	NA	"P53080"
"YBL047C"	"EDE1"	"T238"	"VNQPNRTtPLSANST"	-1.81	0.12	0.06	"P34216"
"YBL047C"	"EDE1"	"S265"	"RLSTGAFsNAASDWS"	2.61	-1.18	NA	"P34216"
"YBL047C"	"EDE1"	"T489"	"GLKKFTPtSNFGQSI"	NA	-1.59	NA	"P34216"
"YBL047C"	"EDE1"	"S495"	"PTSNFGQsIIKEEPE"	NA	-1.59	NA	"P34216"
"YBL047C"	"EDE1"	"T513"	"QLRESSDtFSAQPPP"	NA	-2.65	NA	"P34216"
"YBL047C"	"EDE1"	"S1187"	"PSHNEGNsKKASTNS"	NA	-0.97	-1.13	"P34216"
"YPL037C"	"EGD1"	"T151"	"PELVEGQtFDADVE"	-1.08	-1.43	0.23	"Q02642"
"YNL230C"	"ELA1"	"S235"	"QAGGQSSsPKKGPLS"	NA	-1.03	NA	"P53861"
"YDR153C"	"ENT5"	"S394"	"PQATKDKsKGNDAFS"	NA	NA	-1.06	"Q03769"
"YMR219W"	"ESC1"	"S1144"	"SDRSNIFsSPIRVIG"	-1.69	NA	-0.36	"Q03661"
"YMR219W"	"ESC1"	"S1145"	"DRSNIFSsPIRVIGA"	-1.69	NA	-0.36	"Q03661"
"YMR219W"	"ESC1"	"T1360"	"TSRERDLtFEKSVNE"	-1.1	NA	-1.07	"Q03661"
"YMR219W"	"ESC1"	"S1364"	"RDLTFEKsVNEKYAG"	-1.1	NA	-1.07	"Q03661"
"YGR098C"	"ESP1"	"S490"	"QKKIEIFsCLFNVYC"	-2.65	NA	NA	"Q03018"
"YBR102C"	"EXO84"	"T28"	"SSPAKQKtPPSPAKP"	NA	NA	-1.82	"P38261"
"YBR102C"	"EXO84"	"S31"	"AKQKTPPsPAKPKQK"	NA	NA	-1.82	"P38261"
"YOR317W"	"FAA1"	"S438"	"LNGGSPIsRDAQEFI"	-2.45	NA	NA	"P30624"
"YFR019W"	"FAB1"	"T183"	"MQNSYARtPDSDHDD"	-1.15	NA	0.52	"P34756"
"YFR019W"	"FAB1"	"S186"	"SYARTPDsDHDDVGD"	-1.15	NA	0.05	"P34756"
"YFR019W"	"FAB1"	"S1611"	"SRSGTGIsMTHDKST"	NA	NA	-1.54	"P34756"
"YJL157C"	"FAR1"	"T3"	"MKtPTRVSFE"	NA	NA	-1.38	"P21268"
"YJL157C"	"FAR1"	"S8"	"MKTPTRVsFEKKIHT"	NA	NA	-1.38	"P21268"
"YJL157C"	"FAR1"	"T15"	"SFEKKIHtPPSGDRD"	NA	NA	-2.05	"P21268"
"YFL041W"	"FET5"	"T472"	"ERPMVRDtVVLEPSG"	-3.14	NA	NA	"P43561"
"YPR104C"	"FHL1"	"T165"	"DEDEREKtQDNTAAV"	-2.07	NA	NA	"P39521"
"YDR130C"	"FIN1"	"S34"	"DNVFVRLsMSPLRTT"	NA	NA	-3.15	"Q03898"
"YDR130C"	"FIN1"	"S36"	"VFVRLSMsPLRTTSQ"	NA	NA	-2.23	"Q03898"
"YDR130C"	"FIN1"	"S74"	"VTPRRIMsPECLKGY"	NA	NA	-3.11	"Q03898"
"YER032W"	"FIR1"	"S130"	"IPDPNEIsQDSPLKI"	NA	NA	-2.36	"P40020"
"YER032W"	"FIR1"	"S133"	"PNEISQDsPLKIVFP"	NA	NA	-2.05	"P40020"
"YER032W"	"FIR1"	"S218"	"PNHSRSKsLQSIIVD"	NA	NA	-1.05	"P40020"
"YER032W"	"FIR1"	"S221"	"SRSKSLQsIIVDTMN"	NA	NA	-1.05	"P40020"
"YER032W"	"FIR1"	"S274"	"NLYLTPEsPLNRYHL"	-1.52	0	NA	"P40020"
"YER032W"	"FIR1"	"S375"	"PDLEHMKsPPSTGLN"	NA	NA	-2.4	"P40020"
"YER032W"	"FIR1"	"S424"	"PDLEHMKsPPSTGLN"	NA	NA	-2.4	"P40020"
"YER032W"	"FIR1"	"S448"	"EPSEEPTsPTRQVNP"	NA	NA	-1.46	"P40020"
"YNL068C"	"FKH2"	"S455"	"LHMAKFNsLPMEMDY"	-1.83	NA	NA	"P41813"
"YNL068C"	"FKH2"	"S708"	"GSANRARsPLHSNSN"	NA	NA	-1.69	"P41813"
"YNL068C"	"FKH2"	"S832"	"LETKDINsSPLKNQG"	NA	NA	-1.51	"P41813"
"YNL068C"	"FKH2"	"S833"	"ETKDINSsPLKNQGG"	NA	-1.13	-1.51	"P41813"
"YPL221W"	"FLC1"	"T626"	"GNVAKDHtENWEYEL"	NA	-1.05	NA	"Q08967"
"YPL221W"	"FLC1"	"S714"	"SPDRASSsPNSKSYP"	NA	NA	-1.1	"Q08967"
"YPL221W"	"FLC1"	"S717"	"RASSSPNsKSYPGVS"	NA	NA	-1.1	"Q08967"
"YPL221W"	"FLC1"	"S774"	"ARDLSLSsVANAQDV"	-1.1	-0.19	NA	"Q08967"
"YLR454W"	"FMP27"	"T2609"	"ENKIADDtSPLKQLT"	NA	NA	-1.46	"Q06179"
"YMR221C"	"FMP42"	"T236"	"GRLIEGDtGSGIIPD"	NA	-1.18	NA	"Q04991"
"YNR047W"	"FPK1"	"S137"	"MTSVANAsPASPPLS"	0.07	-1.38	-1	"P53739"
"YNR047W"	"FPK1"	"S140"	"VANASPAsPPLSPTI"	-0.56	-1.36	-1	"P53739"
"YNR047W"	"FPK1"	"S171"	"HEHEREHsNCGSPIM"	0.54	-1.55	-3.54	"P53739"
"YNR047W"	"FPK1"	"S175"	"REHSNCGsPIMLSSS"	0.54	-1.55	NA	"P53739"
"YNR047W"	"FPK1"	"S198"	"TGTGRRRsPSTPIMP"	NA	NA	-2.08	"P53739"
"YNR047W"	"FPK1"	"S200"	"TGRRRSPsTPIMPSQ"	NA	-1.36	NA	"P53739"
"YNR047W"	"FPK1"	"T201"	"GRRRSPStPIMPSQN"	NA	-1.56	-2.08	"P53739"
"YNR047W"	"FPK1"	"S339"	"LKDTLNGsPSRGSSK"	NA	-1.48	-0.16	"P53739"
"YNR047W"	"FPK1"	"S414"	"IPLRRAAsEPNGLQL"	-0.58	-1.09	0.01	"P53739"
"YLR449W"	"FPR4"	"T34"	"IPVTIRItMAAIDPE"	-2.29	NA	NA	"Q06205"
"YBR207W"	"FTH1"	"S452"	"SQRRSKDsSVPLIID"	-1.43	NA	NA	"P38310"
"YBL042C"	"FUI1"	"S56"	"IEKKDTDsENNITIA"	NA	NA	-1.05	"P38196"
"YAL035W"	"FUN12"	"T386"	"AKSTPAAtPAATPTP"	NA	-0.02	-1.07	"P39730"
"YAL034C"	"FUN19"	"S257"	"SSSSRLPsPLASPNL"	NA	-2.51	NA	"P28003"
"YAL034C"	"FUN19"	"S261"	"RLPSPLAsPNLNRQA"	NA	-2.51	NA	"P28003"
"YAL019W"	"FUN30"	"S27"	"SPTKVASsSPLKPTS"	NA	-0.8	-1.37	"P31380"
"YGR196C"	"FYV8"	"S109"	"GVPKLMAsRESVELQ"	NA	0.1	-1.14	"P46949"
"YGR196C"	"FYV8"	"S112"	"KLMASREsVELQAKK"	NA	0.1	-1.14	"P46949"
"YOR178C"	"GAC1"	"S28"	"NDLIKSMsDSLISRP"	NA	NA	-1.75	"P28006"
"YOR178C"	"GAC1"	"S66"	"KSEIFCTsPEKNVRF"	NA	NA	-1.7	"P28006"
"YOR178C"	"GAC1"	"S424"	"DTDYYNTsPLKHLYH"	NA	NA	-3.95	"P28006"
"YOL051W"	"GAL11"	"T163"	"QQQRRQLtPQQQQLV"	NA	NA	-1.24	"P19659"
"YOL051W"	"GAL11"	"T765"	"NGKVNGRtKSNTIPV"	NA	-1.06	NA	"P19659"
"YLR081W"	"GAL2"	"S48"	"DELKAGEsGSEGSQS"	NA	NA	-1.41	"P13181"
"YPL248C"	"GAL4"	"S703"	"SPGSVGPsPVPLKSG"	NA	NA	-1.02	"P04386"
"YLR013W"	"GAT3"	"S125"	"FNEIKGVsVKRKVPK"	NA	NA	-6.34	"Q07928"
"YPR115W"	"GCA1"	"S28"	"TPGSTRSsSRNLELP"	NA	NA	-3.71	"Q06108"
"YPR115W"	"GCA1"	"S969"	"ARRGSDLsPFEMESP"	NA	NA	-3.18	"Q06108"
"YPR115W"	"GCA1"	"S975"	"LSPFEMEsPLFEENR"	NA	NA	-2.7	"Q06108"
"YPR115W"	"GCA1"	"S1048"	"SSLKKTYsAENVPLT"	-1.16	0.03	NA	"Q06108"
"YDR283C"	"GCN2"	"S569"	"GNGGRTLsQSSIRRR"	-2.6	-0.38	-0.58	"P15442"
"YDR283C"	"GCN2"	"S572"	"GRTLSQSsIRRRSFN"	-2.6	-0.99	NA	"P15442"
"YDR283C"	"GCN2"	"S577"	"QSSIRRRsFNVGSRF"	-1.65	-0.8	0.18	"P15442"
"YDL226C"	"GCS1"	"S157"	"ATPGVAQsREGTPLE"	-2.13	-0.75	-0.71	"P35197"
"YDL226C"	"GCS1"	"T161"	"VAQSREGtPLENRRS"	-1.32	-0.6	-0.34	"P35197"
"YDL226C"	"GCS1"	"S168"	"TPLENRRsATPANSS"	-4.4	NA	-1.84	"P35197"
"YDL226C"	"GCS1"	"T170"	"LENRRSAtPANSSNG"	-4.4	NA	-1.84	"P35197"
"YMR255W"	"GFD1"	"S106"	"SQKATEIsPPPVSPS"	-1.43444236	NA	NA	"Q04839"
"YMR255W"	"GFD1"	"S111"	"EISPPPVsPSKMKTT"	NA	NA	-1.87	"Q04839"
"YDR309C"	"GIC2"	"S217"	"SRLSVARsISVTSSN"	NA	NA	-2.19	"Q06648"
"YDR309C"	"GIC2"	"S337"	"AFFPSRQsPLPKRRN"	NA	-0.85	-3.37	"Q06648"
"YDR309C"	"GIC2"	"S345"	"PLPKRRNsIATPSPQ"	NA	0.54	-1.19	"Q06648"
"YDR507C"	"GIN4"	"S382"	"QQVKKRQsISSVSVS"	-1.22	-1.45	2.65	"Q12263"
"YDR507C"	"GIN4"	"S385"	"KKRQSISsVSVSPSK"	-1.22	NA	NA	"Q12263"
"YDR507C"	"GIN4"	"S409"	"RNRESLIsVTSSRKK"	NA	1.06	-2.84	"Q12263"
"YDR507C"	"GIN4"	"S412"	"ESLISVTsSRKKPIS"	-1.41	-2.03	-1.25	"Q12263"
"YDR507C"	"GIN4"	"S413"	"SLISVTSsRKKPISF"	-1.41	-2.03	-2.95	"Q12263"
"YDR507C"	"GIN4"	"T435"	"ASSSNLTtPGSSKRL"	NA	0.92	-2.45	"Q12263"
"YDR507C"	"GIN4"	"S438"	"SNLTTPGsSKRLSKN"	NA	NA	-2.45	"Q12263"
"YDR507C"	"GIN4"	"S460"	"STIVNQSsPTPASRN"	NA	NA	-1.74	"Q12263"
"YDR507C"	"GIN4"	"T462"	"IVNQSSPtPASRNKR"	NA	NA	-3.48	"Q12263"
"YDR507C"	"GIN4"	"S465"	"QSSPTPAsRNKRASV"	NA	NA	-3.48	"Q12263"
"YDR507C"	"GIN4"	"S883"	"RLYDVGDsTIKDKSA"	NA	NA	-4.12	"Q12263"
"YDR507C"	"GIN4"	"T884"	"LYDVGDStIKDKSAL"	NA	NA	-4.12	"Q12263"
"YDR507C"	"GIN4"	"S889"	"DSTIKDKsALKLNFA"	NA	NA	-1.11	"Q12263"
"YER054C"	"GIP2"	"S213"	"GVQARDGsPMLIRSK"	NA	NA	-1.18	"P40036"
"YDR096W"	"GIS1"	"S425"	"TTISRISsPLLSRMM"	NA	NA	-1.43	"Q03833"
"YDR096W"	"GIS1"	"S690"	"NVVTLNIsREASKSP"	-3.39	-1.6	NA	"Q03833"
"YDR096W"	"GIS1"	"S694"	"LNISREAsKSPISSF"	-2.86	-0.33	-0.63	"Q03833"
"YDR096W"	"GIS1"	"S696"	"ISREASKsPISSFVN"	-2.86	-0.41	-0.63	"Q03833"
"YDR096W"	"GIS1"	"S734"	"GTGIRQNsNNINPLD"	-1.2	-0.47	NA	"Q03833"
"YCR098C"	"GIT1"	"S8"	"MEDKDITsVNEKEVN"	NA	NA	-1.1	"P25346"
"YCR098C"	"GIT1"	"S511"	"KKNAEIIsVRQVDQS"	NA	NA	-1.11	"P25346"
"YEL011W"	"GLC3"	"S383"	"GDYNEYLsRDRSFVD"	-3.86	NA	NA	"P32775"
"YER122C"	"GLO3"	"S389"	"YGTQKAIsSDQLFGR"	-1.42	-0.09	-0.18	"P38682"
"YDL171C"	"GLT1"	"S1814"	"TVTVYERsDRCGGLL"	-2	NA	NA	"Q12680"
"YDR508C"	"GNP1"	"T108"	"NGTTPIStKDSSSQL"	NA	NA	-2.17	"P48813"
"YDR508C"	"GNP1"	"S111"	"TPISTKDsSSQLDNE"	-0.54	-0.3	-1.26	"P48813"
"YDR508C"	"GNP1"	"S112"	"PISTKDSsSQLDNEL"	NA	0.51	-1.26	"P48813"
"YDR508C"	"GNP1"	"S113"	"ISTKDSSsQLDNELN"	-1.3	0.32	-2.31	"P48813"
"YDR508C"	"GNP1"	"S124"	"NELNRKSsYITVDGI"	-0.84	0.04	-2.17	"P48813"
"YDR508C"	"GNP1"	"T127"	"NRKSSYItVDGIKQS"	-2.24	0.53	-2.9	"P48813"
"YDL022W"	"GPD1"	"S25"	"GRKRSSSsVSLKAAE"	NA	-1.06	0.42	"Q00055"
"YDR302W"	"GPI11"	"S16"	"KTVKKTVsFSDDTTL"	NA	-2.01	-0.88	"Q06636"
"YLR258W"	"GSY2"	"S655"	"RPLSVPGsPRDLRSN"	-1.65	-0.21	-0.36	"P27472"
"YMR192W"	"GYL1"	"T17"	"ERIEVPRtPHQTQPE"	NA	-0.24	-2.35	"Q04322"
"YMR192W"	"GYL1"	"S37"	"IALRDEIsVPEGDEK"	-0.08	-0.11	-3.16	"Q04322"
"YOR070C"	"GYP1"	"T539"	"PRVASFVtPTKDFQS"	NA	NA	-3.63	"Q08484"
"YOR070C"	"GYP1"	"S546"	"TPTKDFQsPTTALSN"	NA	NA	-3.63	"Q08484"
"YOR070C"	"GYP1"	"T555"	"TTALSNMtPNNAVED"	NA	NA	-2.71	"Q08484"
"YDL234C"	"GYP7"	"S265"	"DSWLTNNsPIQKSQI"	NA	-1.18	NA	"P48365"
"YPR005C"	"HAL1"	"S215"	"NADGKHIsIVNPSSK"	NA	-4.24	NA	"Q01766"
"YPR005C"	"HAL1"	"S220"	"HISIVNPsSKIYHSS"	NA	-4.24	NA	"Q01766"
"YJL165C"	"HAL5"	"S63"	"RIITSNVsSPSISPV"	NA	-1.58	NA	"P38970"
"YJL165C"	"HAL5"	"S64"	"IITSNVSsPSISPVH"	NA	-1.58	NA	"P38970"
"YJL165C"	"HAL5"	"S324"	"TNNKNVDsGDEKDAD"	NA	-1.02	0.33	"P38970"
"YJL165C"	"HAL5"	"S336"	"DADASVNsGDDGDND"	NA	-1.02	NA	"P38970"
"YOR358W"	"HAP5"	"S7"	"MTDRNFsPQQGQGP"	NA	-0.09	-1.03	"Q02516"
"YDL223C"	"HBT1"	"S671"	"KQDEDPLsPRQTTNR"	NA	NA	-1.35	"Q07653"
"YDR458C"	"HEH2"	"S123"	"MQIQEEKsPKKKRKK"	NA	NA	-1.53	"Q03281"
"YOR227W"	"HER1"	"S61"	"VPTKTIAsPQRPLSG"	NA	NA	-1.02	"Q12276"
"YOR227W"	"HER1"	"T589"	"KFLLQNKtLIKLDIS"	NA	NA	-5.85	"Q12276"
"YMR207C"	"HFA1"	"S1208"	"MSNYKIRsLPTYDSS"	NA	NA	-4.8	"P32874"
"YMR207C"	"HFA1"	"S1214"	"RSLPTYDsSIRIFEG"	NA	NA	-4.8	"P32874"
"YOL095C"	"HMI1"	"S665"	"YNKDLKRsVCDVKVT"	NA	NA	-1.36	"Q12039"
"YMR032W"	"HOF1"	"S286"	"SKGDMNSsANWAQMS"	NA	-1.56	NA	"Q05080"
"YMR032W"	"HOF1"	"S517"	"YNTRRDTsTSTILFK"	NA	NA	-1.35	"Q05080"
"YER052C"	"HOM3"	"T505"	"AKLLSERtNTSNQFE"	NA	-1.05	NA	"P10869"
"YPL116W"	"HOS3"	"T336"	"LYRTKYRtLFAKADE"	NA	NA	-4.79	"Q02959"
"YPL116W"	"HOS3"	"S613"	"DITIDDIsRHLETLE"	NA	NA	-2.02	"Q02959"
"YIL112W"	"HOS4"	"S290"	"NLSNMNSsPAQNPKR"	NA	NA	-2.89	"P40480"
"YIL112W"	"HOS4"	"T688"	"HEKKREKtQSPILAS"	-3.73	NA	-1.26	"P40480"
"YIL112W"	"HOS4"	"S690"	"KKREKTQsPILASRR"	-3.73	-0.45	0.25	"P40480"
"YIL112W"	"HOS4"	"S778"	"PLSMEPHsPKKAKSV"	NA	-0.78	-1.24	"P40480"
"YBR215W"	"HPC2"	"S305"	"VSLKRSIsSVTNSDS"	NA	-1.16	0.03	"Q01448"
"YOR267C"	"HRK1"	"S160"	"PPPSKSTsTVNLNNH"	-1.56	NA	0.16	"Q08732"
"YOL123W"	"HRP1"	"S462"	"TSNTDSGsPPLNLPN"	NA	0.02	-1.02	"Q99383"
"YMR186W"	"HSC82"	"S330"	"APFDLFEsKKKKNNI"	NA	0.46	-1.25	"P15108"
"YGL073W"	"HSF1"	"S608"	"PNRFTMLsDDDLKKD"	NA	-1.03	NA	"P10961"
"YKL101W"	"HSL1"	"S685"	"LQSISKRsLNLNDLL"	NA	NA	-2.04	"P34244"
"YKL101W"	"HSL1"	"S1220"	"ILSKLRLsPENPSNT"	NA	NA	-2.9	"P34244"
"YKL101W"	"HSL1"	"S1284"	"SYSKRRPsEESVNPK"	NA	NA	-1.32	"P34244"
"YKL101W"	"HSL1"	"S1287"	"KRRPSEEsVNPKQRV"	NA	NA	-1.32	"P34244"
"YJL159W"	"HSP150"	"S75"	"SKAKRAAsQIGDGQV"	NA	-1.52	NA	"P32478"
"YBR072W"	"HSP26"	"S208"	"VKKIEVSsQESWGN"	0.36	-1.01	-0.16	"P15992"
"YDR171W"	"HSP42"	"S214"	"PPLAKKSsSFAHLQA"	NA	-0.83	-1.2	"Q12329"
"YFR053C"	"HXK1"	"S15"	"KPQARKGsMADVPKE"	-2.07	NA	-2.13	"P04806"
"YGL253W"	"HXK2"	"S15"	"KPQARKGsMADVPKE"	-2.07	NA	-2.13	"P04807"
"YHR094C"	"HXT1"	"T31"	"GRSKAMNtPEGKNES"	NA	NA	-2.03	"P32465"
"YBR157C"	"ICS2"	"S27"	"TGSQSSTsIKSLGSP"	NA	NA	-1.14	"P38284"
"YBR157C"	"ICS2"	"S44"	"GRFSSLSsTESQFDS"	1.01	NA	-1.08	"P38284"
"YJL146W"	"IDS2"	"S130"	"PEPSERAsPIRQPSV"	0.36	-1.1	-0.94	"P46958"
"YJL146W"	"IDS2"	"S147"	"PPLTTRRsSIQDVQW"	1.03	-1.21	0.21	"P46958"
"YJL146W"	"IDS2"	"S148"	"PLTTRRSsIQDVQWI"	2.01	-1.21	0.41	"P46958"
"YHR132W-A"	"IGO2"	"S128"	"SSGPPPRsPNK"	NA	NA	-2.83	"Q9P305"
"YGL150C"	"INO80"	"S25"	"SKTTAGKsAKKNSRE"	NA	NA	-2.86	"P53115"
"YNL106C"	"INP52"	"S1005"	"EPSSKLLsPTKEISI"	-4.31	NA	-2.57	"P50942"
"YNL106C"	"INP52"	"S1014"	"TKEISIVsVSPRKGE"	NA	NA	-2.62	"P50942"
"YNL106C"	"INP52"	"S1016"	"EISIVSVsPRKGESN"	-4.31	-1.65	-2.57	"P50942"
"YOR109W"	"INP53"	"S986"	"PSTSKEKsPTPQTST"	-4.34	NA	-1.3	"Q12271"
"YOR109W"	"INP53"	"T988"	"TSKEKSPtPQTSTAS"	NA	NA	-2.251739061	"Q12271"
"YPL209C"	"IPL1"	"S76"	"MESSKIPsPIRKATS"	NA	NA	-2.1	"P38991"
"YPL242C"	"IQG1"	"S49"	"NSSLNIAsPSHLKTK"	NA	NA	-5.16	"Q12280"
"YPL242C"	"IQG1"	"T260"	"RDFKSLGtNINTAPA"	NA	NA	-1.2	"Q12280"
"YPL242C"	"IQG1"	"T264"	"SLGTNINtAPASPEE"	NA	NA	-1.51	"Q12280"
"YPL242C"	"IQG1"	"S268"	"NINTAPAsPEEPKEK"	NA	NA	-1.26	"Q12280"
"YPL242C"	"IQG1"	"S310"	"NITDANCsDFSNTPS"	NA	NA	-1.14	"Q12280"
"YPL242C"	"IQG1"	"T315"	"NCSDFSNtPSPYNEA"	NA	NA	-1.8	"Q12280"
"YPL242C"	"IQG1"	"S317"	"SDFSNTPsPYNEAPK"	NA	NA	-1.14	"Q12280"
"YPL242C"	"IQG1"	"S354"	"PTPSLEYsPIKNKSL"	NA	NA	-2.71	"Q12280"
"YPL242C"	"IQG1"	"S365"	"NKSLSYYsPTISKYL"	NA	NA	-3.4	"Q12280"
"YPL242C"	"IQG1"	"S404"	"KYSPSHYsPMRRERM"	NA	NA	-1.7	"Q12280"
"YBR140C"	"IRA1"	"S497"	"NIPQRIFsLDDISSF"	-1.37	NA	NA	"P18963"
"YOL081W"	"IRA2"	"S631"	"RPKERTSsFNNTAHE"	NA	NA	-1.62	"P19158"
"YOL081W"	"IRA2"	"T635"	"RTSSFNNtAHETGSE"	NA	NA	-1.8	"P19158"
"YOL081W"	"IRA2"	"S1021"	"TRRYSDEsLGKFMKS"	NA	NA	-1.11	"P19158"
"YBR086C"	"IST2"	"S844"	"AAVNDNQsKVSVATE"	-1.54	-0.1	0.78	"P38250"
"YBR086C"	"IST2"	"S847"	"NDNQSKVsVATEQTK"	-1.54	-0.25	0.14	"P38250"
"YBR086C"	"IST2"	"T853"	"VSVATEQtKKTEVST"	NA	NA	-1.28	"P38250"
"YBR245C"	"ISW1"	"T694"	"TSTGSAGtPEPGSGE"	-2.32	-0.28	-0.53	"P38144"
"YOR304W"	"ISW2"	"T1079"	"TSATREDtPLSQNES"	-3	NA	-0.48	"Q08773"
"YKL217W"	"JEN1"	"S61"	"EKLYHNPsLPAQSIQ"	NA	NA	-1.2	"P36035"
"YKL217W"	"JEN1"	"S66"	"NPSLPAQsIQDTRDD"	NA	NA	-2.21	"P36035"
"YKL217W"	"JEN1"	"T70"	"PAQSIQDtRDDELLE"	NA	NA	-1.2	"P36035"
"YKL217W"	"JEN1"	"S603"	"ASVKMIDsNVSKTYE"	NA	NA	-1.91	"P36035"
"YKL217W"	"JEN1"	"S606"	"KMIDSNVsKTYEEHI"	NA	NA	-1.91	"P36035"
"YJR091C"	"JSN1"	"T174"	"ISRTRNNtMSSQITS"	NA	-1.07	NA	"P47135"
"YNL188W"	"KAR1"	"T233"	"QRKEEVFtDEVLQKK"	NA	NA	-1.12	"P11927"
"YPR141C"	"KAR3"	"S21"	"TQHLSTPsPKNDILA"	NA	NA	-2.64	"P17119"
"YPL269W"	"KAR9"	"S496"	"NPFFDPEsPNKGKLI"	NA	-1.106577062	NA	"P32526"
"YPL269W"	"KAR9"	"S632"	"TPLSQLLsPREGRLD"	NA	NA	-1.11	"P32526"
"YDR017C"	"KCS1"	"S670"	"NSFCNSLsPILTATN"	-1.12	-0.29	0.17	"Q12494"
"YHR158C"	"KEL1"	"S67"	"SNVNKTSsPPMFARK"	NA	NA	-1.6	"P38853"
"YHR158C"	"KEL1"	"S503"	"APLASAPsPAPKDFS"	NA	-1.84	-2.92	"P38853"
"YHR158C"	"KEL1"	"S613"	"ANQIKNNsPILETLP"	-3.02	0.06	0.21	"P38853"
"YHR158C"	"KEL1"	"S689"	"GVAQMASsPSKDQFK"	NA	-1.16	NA	"P38853"
"YHR158C"	"KEL1"	"S691"	"AQMASSPsKDQFKIK"	NA	-1.21	-0.55	"P38853"
"YHR158C"	"KEL1"	"S997"	"LDDLLERsQELTISK"	NA	-0.03	-1.15	"P38853"
"YHR102W"	"KIC1"	"T734"	"RPLFGVGtSPNRKPA"	NA	-2.01	NA	"P38692"
"YHR102W"	"KIC1"	"S735"	"PLFGVGTsPNRKPAG"	-1.26	-0.52	-2.07	"P38692"
"YLR096W"	"KIN2"	"S22"	"FRTSKGGsLSPTPEA"	NA	NA	-3.37	"P13186"
"YLR096W"	"KIN2"	"S24"	"TSKGGSLsPTPEAFN"	NA	NA	-3.37	"P13186"
"YLR096W"	"KIN2"	"S609"	"IPEQAHTsPTSRKSS"	-1.59	NA	-0.02	"P13186"
"YLR096W"	"KIN2"	"S643"	"EYQQRSAsPVVGEHQ"	-1.09	NA	0.18	"P13186"
"YOR233W"	"KIN4"	"S460"	"GLVTIPGsPTTARTR"	NA	NA	-2.37	"Q01919"
"YKL168C"	"KKQ8"	"S29"	"PVTRRVRsFSESFKN"	NA	NA	-1.8	"P36004"
"YKL168C"	"KKQ8"	"S47"	"PPRSRDSsPINVTRI"	NA	-2.07	-1.08	"P36004"
"YLL019C"	"KNS1"	"T183"	"KKFKKQRtISLPQLP"	-3.91	NA	-0.61	"P32350"
"YLL019C"	"KNS1"	"S185"	"FKKQRTIsLPQLPLS"	-3.91	NA	-0.61	"P32350"
"YLL019C"	"KNS1"	"S245"	"VNLTIAHsTSPFSNP"	NA	NA	-1.97	"P32350"
"YPR159W"	"KRE6"	"S116"	"RNNSRAVsTANDNSF"	NA	0.12	-1.46	"P32486"
"YPR159W"	"KRE6"	"S122"	"VSTANDNsFLQPPHR"	NA	-0.25	-1.46	"P32486"
"YOR181W"	"LAS17"	"T332"	"PPPPPMRtTTEGSGV"	NA	-1.42	NA	"Q12446"
"YOR181W"	"LAS17"	"T334"	"PPPMRTTtEGSGVRL"	NA	-1.04	NA	"Q12446"
"YOR181W"	"LAS17"	"S337"	"MRTTTEGsGVRLPAP"	NA	-1.42	NA	"Q12446"
"YOR181W"	"LAS17"	"T363"	"PPPHRHVtSNTLNSA"	NA	-1.53	NA	"Q12446"
"YPL054W"	"LEE1"	"S21"	"GGNARRNsQSANEML"	NA	-0.23	-1.79	"Q02799"
"YPL054W"	"LEE1"	"S30"	"SANEMLAsQIQDFQN"	NA	NA	-1.79	"Q02799"
"YPL054W"	"LEE1"	"S282"	"GPAIQEEsDNEIEDL"	NA	NA	-1.11	"Q02799"
"YOR123C"	"LEO1"	"S358"	"KEKEKQEsPDAAFET"	-1.07	NA	-0.4	"P38439"
"YJR070C"	"LIA1"	"S281"	"EALGAIAsPEVVDVL"	NA	-1.28	NA	"P47120"
"YGL090W"	"LIF1"	"S261"	"KPISELNsPGKRMKR"	NA	NA	-1.98	"P53150"
"YOR196C"	"LIP5"	"S197"	"VKTNRTPsKPDPMEP"	-2.74	NA	NA	"P32875"
"YDR439W"	"LRS4"	"S146"	"KPTIHLLsPIVNRDK"	NA	NA	-3.4	"Q04087"
"YDR439W"	"LRS4"	"S230"	"RLSALQKsPELRKER"	NA	NA	-2.94	"Q04087"
"YGL099W"	"LSG1"	"S632"	"NKSKNAKsKVFSIEN"	NA	-1.69	NA	"P53145"
"YPL004C"	"LSP1"	"T14"	"LRNQRAPtAAELQAP"	NA	-1.23	NA	"Q12230"
"YKL176C"	"LST4"	"S547"	"GNMQRTSsSSSLQQA"	-1.34	NA	NA	"P34239"
"YAL024C"	"LTE1"	"S212"	"YARQSFAsPDFRNQS"	NA	NA	-4	"P07866"
"YAL024C"	"LTE1"	"S372"	"SMSVLHRsAIGLLAK"	-2.95	NA	NA	"P07866"
"YAL024C"	"LTE1"	"T614"	"SEAITNMtPRRKNHS"	NA	NA	-2.33	"P07866"
"YAL024C"	"LTE1"	"T691"	"VNNTDSPtLKTKTGF"	NA	-0.28	-1.24	"P07866"
"YDL182W"	"LYS20"	"T396"	"NFHAEVStPQVLSAK"	0.11	0.01	-1.25	"P48570"
"YDL182W"	"LYS20"	"S401"	"VSTPQVLsAKKNKKN"	NA	-1.36	NA	"P48570"
"YJL013C"	"MAD3"	"T478"	"AVKPRQLtPILEMRE"	NA	NA	-2.91	"P47074"
"YDR005C"	"MAF1"	"S177"	"DERIRRRsSSSISSF"	NA	-1.52	0.6	"P41910"
"YDR005C"	"MAF1"	"S178"	"ERIRRRSsSSISSFK"	NA	-1.52	NA	"P41910"
"YOL060C"	"MAM3"	"S562"	"AVLHTQRsGQPTQVT"	NA	NA	-3.08	"Q12296"
"YKL093W"	"MBR1"	"S69"	"FNFQPDSsPCNAKCQ"	NA	NA	-2.59	"P23493"
"YEL032W"	"MCM3"	"S777"	"QRVRQPAsNSGSPIK"	NA	-0.13	-1.21	"P24279"
"YEL032W"	"MCM3"	"S781"	"QPASNSGsPIKSTPR"	NA	-0.13	-1.9	"P24279"
"YPR019W"	"MCM4"	"S68"	"NIRAAIGsSPLNFPS"	-1.07	0.13	NA	"P30665"
"YPR019W"	"MCM4"	"S69"	"IRAAIGSsPLNFPSS"	-1.07	0.02	NA	"P30665"
"YGL197W"	"MDS3"	"S693"	"EDDEDPVsPKPVSKS"	NA	-0.91	-1.08	"P53094"
"YGL197W"	"MDS3"	"S698"	"PVSPKPVsKSNSIYR"	NA	-0.71	-1.15	"P53094"
"YGL197W"	"MDS3"	"T710"	"IYRPIRKtESSSTTS"	NA	-3.12	NA	"P53094"
"YGL197W"	"MDS3"	"S1387"	"KSSAFPQsPIRAYGS"	NA	NA	-2.9	"P53094"
"YOR174W"	"MED4"	"T237"	"QMAKKEGtPKTDSFI"	-1.09	0.35	0.19	"Q12343"
"YKR007W"	"MEH1"	"S117"	"SAGDDNLsGHSVPSS"	0.11	0.43	-1.3	"Q02205"
"YKR007W"	"MEH1"	"S120"	"DDNLSGHsVPSSGSA"	0.11	0.43	-1.3	"Q02205"
"YKR007W"	"MEH1"	"T130"	"SSGSAQAtTHQTAPR"	NA	NA	-1.31	"Q02205"
"YKR069W"	"MET1"	"T279"	"IKLEDFEtSSSPNKK"	NA	NA	-1.98	"P36150"
"YIL046W"	"MET30"	"S67"	"KMTMATRsPSSSPDL"	NA	NA	-1.27	"P39014"
"YLR332W"	"MID2"	"S260"	"SRTDFIDsDGKVVTA"	0.01	NA	-1.08	"P36027"
"YLR332W"	"MID2"	"T266"	"DSDGKVVtAYRANKF"	NA	NA	-1.08	"P36027"
"YGL035C"	"MIG1"	"S264"	"QQQQNSLsPRYSNTV"	NA	NA	-2.2	"P27705"
"YGL035C"	"MIG1"	"S314"	"KRPSSVLsLNDLLVG"	-1.02	0.51	-0.75	"P27705"
"YMR036C"	"MIH1"	"S27"	"FQKISLKsPFGKKKN"	NA	NA	-4.3	"P23748"
"YNL074C"	"MLF3"	"S56"	"FYNLQTIsPIPISGS"	NA	NA	-1.94	"P32047"
"YNL074C"	"MLF3"	"S69"	"GSEVRTPsLRKNSNN"	NA	NA	-2.36	"P32047"
"YNL074C"	"MLF3"	"S78"	"RKNSNNVsSPLDNVI"	NA	NA	-1.8	"P32047"
"YNL074C"	"MLF3"	"S79"	"KNSNNVSsPLDNVIP"	-0.43	-0.26	-2.18	"P32047"
"YNL074C"	"MLF3"	"S135"	"PALDASCsIVNDENT"	NA	NA	-1.69	"P32047"
"YNL074C"	"MLF3"	"T142"	"SIVNDENtDLSDVDM"	NA	NA	-1.69	"P32047"
"YNL074C"	"MLF3"	"S160"	"RRPSSAVsLNMALLA"	0.54	-0.31	-1.33	"P32047"
"YNL074C"	"MLF3"	"S179"	"ATLPSSEsSPASPDL"	NA	NA	-1.6	"P32047"
"YNL074C"	"MLF3"	"S180"	"TLPSSESsPASPDLK"	NA	NA	-1.6	"P32047"
"YNL074C"	"MLF3"	"S183"	"SSESSPAsPDLKLSR"	-0.69	NA	-1.68	"P32047"
"YNL074C"	"MLF3"	"S257"	"PMKSQAYsCPFILKR"	-2.47	-0.5	-2.38	"P32047"
"YNL074C"	"MLF3"	"S265"	"CPFILKRsPPQAYSS"	NA	NA	-1.77	"P32047"
"YNL074C"	"MLF3"	"S297"	"PATSPYVsPQQSARQ"	NA	NA	-2.97	"P32047"
"YNL074C"	"MLF3"	"S321"	"KSPKNRSsSILFQRQ"	NA	-0.07	-1.01	"P32047"
"YKR095W"	"MLP1"	"S1710"	"SPFNPLLsGEKLLKL"	NA	NA	-2.58	"Q02455"
"YLL061W"	"MMP1"	"T21"	"FSTSVLStPSNEGNN"	NA	-1.11	NA	"Q12372"
"YLL061W"	"MMP1"	"S23"	"TSVLSTPsNEGNNLI"	NA	-1.48	NA	"Q12372"
"YLR190W"	"MMR1"	"S37"	"SFQNLLNsPTKLKLD"	NA	-1.11	NA	"Q06324"
"YBR098W"	"MMS4"	"S61"	"PSSPQRKsVSNDVEN"	-1.18	-0.33	1.05	"P38257"
"YBR098W"	"MMS4"	"S63"	"SPQRKSVsNDVENVD"	-1.18	NA	1.05	"P38257"
"YIL106W"	"MOB1"	"S36"	"ANNAGSVsPTKATPH"	NA	-1.2	-1.09	"P40484"
"YIL106W"	"MOB1"	"S80"	"ESDHGRMsPVLTTPK"	-0.73	-0.74	-4.65	"P40484"
"YIL106W"	"MOB1"	"T84"	"GRMSPVLtTPKRHAP"	NA	NA	-3.97	"P40484"
"YFL034C-B"	"MOB2"	"T76"	"SQQLTSTtPQSQQQE"	NA	-1.03	NA	"P43563"
"YGL124C"	"MON1"	"S71"	"SKSTSVNsLNTTSLA"	-1.14	-5.71	-0.33	"P53129"
"YPL082C"	"MOT1"	"S784"	"PEGEKLPsFVSEIFS"	NA	NA	-2.3	"P32333"
"YPL082C"	"MOT1"	"S787"	"EKLPSFVsEIFSPVM"	NA	NA	-2.3	"P32333"
"YPL082C"	"MOT1"	"S791"	"SFVSEIFsPVMNKQL"	NA	NA	-2.3	"P32333"
"YGL178W"	"MPT5"	"S820"	"DSSLSMKsQHIGQGP"	NA	-2.92	0.21	"P39016"
"YDL079C"	"MRK1"	"S13"	"RSLVRKIsFNNSDNL"	NA	NA	-1.19	"P50873"
"YKR077W"	"MSA2"	"S147"	"QPAATAPsPLVSNII"	-2.18	NA	NA	"P36157"
"YKR077W"	"MSA2"	"S157"	"VSNIIKPsPKKLASP"	-2.18	NA	NA	"P36157"
"YLR219W"	"MSC3"	"S46"	"ASAASAAsPDRTNYS"	0.02	NA	-1.13	"Q05812"
"YDR097C"	"MSH6"	"S228"	"YNTSHSSsPFTRNIS"	NA	-0.24	-1.84	"Q03834"
"YLR116W"	"MSL5"	"S376"	"ASSRYAPsPSPPASH"	NA	NA	-1.21	"Q12186"
"YLR116W"	"MSL5"	"S378"	"SRYAPSPsPPASHIS"	NA	-0.47	-1.21	"Q12186"
"YLR116W"	"MSL5"	"S382"	"PSPSPPAsHISRQAQ"	NA	NA	-1.21	"Q12186"
"YKL062W"	"MSN4"	"S161"	"EQLEKVFsPMNPIND"	NA	NA	-1.57	"P33749"
"YKL062W"	"MSN4"	"S169"	"PMNPINDsHFNENIE"	NA	NA	-2.13	"P33749"
"YKL062W"	"MSN4"	"S178"	"FNENIELsPHQHATS"	NA	NA	-1.57	"P33749"
"YKL062W"	"MSN4"	"T317"	"TTERRGStISPTTTI"	-1.21	NA	-0.38	"P33749"
"YNR049C"	"MSO1"	"S175"	"SLGRSKTsNSFNTSS"	NA	-1.11	NA	"P53604"
"YAR033W"	"MST28"	"S179"	"TATSIGNsPVTAKPE"	NA	NA	-1.19	"P39552"
"YGR023W"	"MTL1"	"S330"	"IEGQTILsNYYTTIT"	NA	NA	-4.23	"P53214"
"YPL070W"	"MUK1"	"S67"	"ERLENNKsPILTKQE"	-1.1	NA	0.14	"Q02866"
"YPL070W"	"MUK1"	"S245"	"IVGTSVSsPNKMKTF"	NA	-2.42	-1.85	"Q02866"
"YPL070W"	"MUK1"	"S523"	"LNIPRSSsQLSMELS"	-1.64	0.2	-0.6	"Q02866"
"YPL070W"	"MUK1"	"S526"	"PRSSSQLsMELSNRD"	-1.69	0.36	-0.6	"Q02866"
"YGR055W"	"MUP1"	"T552"	"DTIGDVDtQEDGVIE"	NA	NA	-1.33	"P50276"
"YGR055W"	"MUP1"	"S568"	"NIIEHYKsEQEKSL"	NA	NA	-1.87	"P50276"
"YGR055W"	"MUP1"	"S573"	"YKSEQEKsL"	NA	NA	-1.87	"P50276"
"YMR109W"	"MYO5"	"S932"	"KKPGKLHsVKCQINE"	NA	NA	-2.68	"Q04439"
"YMR109W"	"MYO5"	"S940"	"VKCQINEsAPKYGDI"	NA	NA	-2.68	"Q04439"
"YOL070C"	"NBA1"	"T403"	"YEDIIEEtPKKTKLK"	NA	NA	-1.14	"Q08229"
"YLR457C"	"NBP1"	"S251"	"KPLKIDLsPSPIRRT"	NA	NA	-1.04	"P52919"
"YLR457C"	"NBP1"	"S253"	"LKIDLSPsPIRRTNS"	NA	NA	-1.04	"P52919"
"YBL024W"	"NCL1"	"S423"	"EAATEKLsSETPALE"	NA	NA	-1.04	"P38205"
"YBL024W"	"NCL1"	"S424"	"AATEKLSsETPALES"	-1.26	NA	-0.9	"P38205"
"YBL024W"	"NCL1"	"T426"	"TEKLSSEtPALESEG"	-1.76	NA	-0.9	"P38205"
"YML031W"	"NDC1"	"S412"	"LRVRTDDsVLLNRGN"	0.17	NA	-1.11	"P32500"
"YJL076W"	"NET1"	"S166"	"RSKLNNGsPQSVQPQ"	NA	-2.13	NA	"P47035"
"YJL076W"	"NET1"	"S252"	"PPPTQPQsPPIRISS"	NA	NA	-2.68	"P47035"
"YJL076W"	"NET1"	"T297"	"QQRLLSGtPIMSTMT"	NA	NA	-1.81	"P47035"
"YJL076W"	"NET1"	"S447"	"SIADNNGsPVKNSPL"	NA	NA	-2.23	"P47035"
"YJL076W"	"NET1"	"S452"	"NGSPVKNsPLGDAMP"	NA	NA	-2.23	"P47035"
"YJL076W"	"NET1"	"T676"	"RNILPQRtPRSAAKR"	NA	NA	-4.43	"P47035"
"YJL076W"	"NET1"	"S679"	"LPQRTPRsAAKRAAQ"	NA	NA	-4.03	"P47035"
"YJL076W"	"NET1"	"S830"	"SFPVVGGsPSVATKG"	NA	-0.84	-2.48	"P47035"
"YJL076W"	"NET1"	"S1032"	"SSKIEAPsPSVNKKI"	NA	-1.7	-3.46	"P47035"
"YJL076W"	"NET1"	"S1034"	"KIEAPSPsVNKKINA"	NA	NA	-3.91	"P47035"
"YJL076W"	"NET1"	"T1042"	"VNKKINAtPDKIPVT"	NA	-2.36	-3.5	"P47035"
"YJL076W"	"NET1"	"T1049"	"TPDKIPVtQLMDMSS"	NA	NA	-2.32	"P47035"
"YJL076W"	"NET1"	"S1055"	"VTQLMDMsSPPSVKS"	NA	NA	-2.62	"P47035"
"YJL076W"	"NET1"	"S1056"	"TQLMDMSsPPSVKSK"	NA	NA	-3.5	"P47035"
"YJL076W"	"NET1"	"S1059"	"MDMSSPPsVKSKTTS"	NA	NA	-4.56	"P47035"
"YBR212W"	"NGR1"	"S526"	"RNKNGSHsDLVNLQR"	-1.44	NA	NA	"P32831"
"YGR010W"	"NMA2"	"S85"	"TSDFQPLsRDVSSEE"	NA	-1.15	-0.08	"P53204"
"YOR056C"	"NOB1"	"S367"	"GNRYSVAsPLSKNSQ"	NA	NA	-3.14	"Q08444"
"YNR053C"	"NOG2"	"S60"	"GNLIRAAsFQDSTIP"	-3.23	-0.5	0.07	"P53742"
"YPR072W"	"NOT5"	"T306"	"FDNSTLGtPTTHVSM"	-0.33	-0.25	-1.33	"Q12514"
"YNL183C"	"NPR1"	"S356"	"SVPRSQHsSIGDLKR"	-1.16	NA	0.25	"P22211"
"YDR043C"	"NRG1"	"S163"	"TDPRNTLsDEEDLEQ"	-1.17	NA	-0.5	"Q03125"
"YNL156C"	"NSG2"	"T60"	"TKYSRDQtIDSTFYL"	NA	NA	-2.16	"P53898"
"YNL156C"	"NSG2"	"S63"	"SRDQTIDsTFYLAHK"	NA	NA	-2.16	"P53898"
"YNL156C"	"NSG2"	"S90"	"NNLERILsASSIHEN"	-1.67	-1.19	-0.05	"P53898"
"YNL156C"	"NSG2"	"S93"	"ERILSASsIHENFPS"	-1.67	-1.52	-0.67	"P53898"
"YJL041W"	"NSP1"	"S470"	"EKKDGDAsKPAFSFG"	NA	-4.62	NA	"P14907"
"YJL041W"	"NSP1"	"S475"	"DASKPAFsFGAKSDE"	NA	-4.62	NA	"P14907"
"YML059C"	"NTE1"	"S631"	"SVHSKKFsSLSPELR"	NA	NA	-1.31	"Q04958"
"YML059C"	"NTE1"	"S632"	"VHSKKFSsLSPELRN"	-2.43	NA	-1.31	"Q04958"
"YML059C"	"NTE1"	"S645"	"RNAQLSTsPLSLDNT"	-1.12	NA	NA	"Q04958"
"YML059C"	"NTE1"	"S648"	"QLSTSPLsLDNTSVH"	-1.12	NA	NA	"Q04958"
"YML059C"	"NTE1"	"S680"	"PNLLPTTsFSAAQEE"	NA	NA	-1.56	"Q04958"
"YDR001C"	"NTH1"	"T56"	"KPAKINRtRTMSVFD"	NA	-1.47	0.45	"P32356"
"YDR001C"	"NTH1"	"S66"	"MSVFDNVsPFKKTGF"	NA	-0.46	-5.54	"P32356"
"YPR031W"	"NTO1"	"S588"	"KRTQASNsLSRSRKK"	NA	-1.42	NA	"Q12311"
"YPR031W"	"NTO1"	"S590"	"TQASNSLsRSRKKVF"	NA	-1.42	NA	"Q12311"
"YPR031W"	"NTO1"	"S592"	"ASNSLSRsRKKVFDI"	NA	-1.42	NA	"Q12311"
"YDR150W"	"NUM1"	"T2658"	"SIVVTTEtRTIKFTC"	-1.97	NA	NA	"Q00402"
"YOR098C"	"NUP1"	"T746"	"ASTAAANtEKLSNGF"	NA	NA	-3.9	"P20676"
"YOR098C"	"NUP1"	"S767"	"HNKEKSNsPTSFFDG"	NA	NA	-1.13	"P20676"
"YOR098C"	"NUP1"	"S770"	"EKSNSPTsFFDGSAS"	NA	NA	-1.13	"P20676"
"YIL115C"	"NUP159"	"S735"	"FKFGTQAsPFSSQLG"	NA	-1.09	NA	"P40477"
"YIL115C"	"NUP159"	"S852"	"GNHVKAKsESPFSAF"	NA	NA	-1.72	"P40477"
"YIL115C"	"NUP159"	"S854"	"HVKAKSEsPFSAFAT"	NA	NA	-1.72	"P40477"
"YLR335W"	"NUP2"	"S17"	"IQRETYDsNESDDDV"	0.19	-1.28	0.21	"P32499"
"YAR002W"	"NUP60"	"T12"	"SLRRASAtVPSAPYR"	-1.18	NA	NA	"P39705"
"YAR002W"	"NUP60"	"S89"	"PDSTVNRsVVVSAVG"	-2.23	NA	-2.22	"P39705"
"YAR002W"	"NUP60"	"S200"	"KYDTSNAsMNTTLGS"	NA	NA	-1.45	"P39705"
"YAR002W"	"NUP60"	"S222"	"FNYSSLPsPYKTTVY"	-1.37	NA	-2.35	"P39705"
"YAR002W"	"NUP60"	"S232"	"KTTVYRYsAAKKIPD"	NA	NA	-4.24	"P39705"
"YAR002W"	"NUP60"	"S312"	"IRKHKRVsPNAAPRQ"	NA	NA	-1.17	"P39705"
"YAR002W"	"NUP60"	"T381"	"SNVVVAEtSPEKKDG"	NA	-1.05	-1.26	"P39705"
"YAR002W"	"NUP60"	"S382"	"NVVVAETsPEKKDGG"	-0.54	-1.47	-1.44	"P39705"
"YAR002W"	"NUP60"	"S458"	"TPVQPDLsVTPQKSS"	NA	NA	-2.16	"P39705"
"YAR002W"	"NUP60"	"T460"	"VQPDLSVtPQKSSSK"	NA	NA	-4.09	"P39705"
"YAR002W"	"NUP60"	"S473"	"SKGFVFNsVQKKSRS"	NA	NA	-6.6	"P39705"
"YDL089W"	"NUR1"	"S439"	"DQNRPSKsLSPLRKT"	NA	NA	-1.89	"Q12066"
"YDL089W"	"NUR1"	"S441"	"NRPSKSLsPLRKTPL"	NA	NA	-3.67	"Q12066"
"YDL089W"	"NUR1"	"T446"	"SLSPLRKtPLSARQK"	NA	NA	-3.67	"Q12066"
"YDL089W"	"NUR1"	"S449"	"PLRKTPLsARQKRFE"	NA	NA	-2.13	"Q12066"
"YDL089W"	"NUR1"	"S474"	"DINSILRsPKKKKNY"	NA	NA	-2.4	"Q12066"
"YHR195W"	"NVJ1"	"S290"	"LKSLNQPsSLLHIQV"	NA	NA	-1.21	"P38881"
"YHR195W"	"NVJ1"	"S298"	"SLLHIQVsPTKSSNL"	NA	NA	-1.06	"P38881"
"YHL029C"	"OCA5"	"S6"	"MHDKKsPMANSHY"	NA	NA	-1.6	"P38738"
"YBR060C"	"ORC2"	"T60"	"VGNERKNtSPDPALK"	NA	NA	-2.91	"P32833"
"YBR060C"	"ORC2"	"T187"	"LTTNHDFtSPLKQII"	NA	-1.15	-0.39	"P32833"
"YBR060C"	"ORC2"	"T217"	"LTLSRNFtPTPVPKN"	NA	NA	-1.3	"P32833"
"YPR162C"	"ORC4"	"S9"	"TISEARLsPQVNLLP"	-1.51	NA	NA	"P54791"
"YHR118C"	"ORC6"	"T114"	"PMKQFAWtPSPKKNK"	NA	-0.84	-1.12	"P38826"
"YHR118C"	"ORC6"	"S116"	"KQFAWTPsPKKNKRS"	NA	-0.84	-1.12	"P38826"
"YGR038W"	"ORM1"	"S29"	"TDLKPFPsAGSASSS"	NA	NA	-1.8	"P53224"
"YGR038W"	"ORM1"	"S32"	"KPFPSAGsASSSIKT"	NA	0.2	-1.8	"P53224"
"YHR073W"	"OSH3"	"S605"	"PHHQKTKsAQSSTET"	-3.36	NA	NA	"P38713"
"YMR165C"	"PAH1"	"S327"	"SFSKEQSsKSEKTSK"	NA	NA	-4.01	"P32567"
"YDR251W"	"PAM1"	"S659"	"GTQSRLNsLSNQSTF"	-1.2	-0.01	0.76	"P37304"
"YIR006C"	"PAN1"	"S1045"	"RRNVTQSsRSISSEN"	-3.08	NA	NA	"P32521"
"YDL173W"	"PAR32"	"T146"	"HQSLHATtSSPNNNA"	0.06	0.47	-1.22	"Q12515"
"YDL173W"	"PAR32"	"S147"	"QSLHATTsSPNNNAP"	0.51	0.51	-1.99	"Q12515"
"YDL173W"	"PAR32"	"S148"	"SLHATTSsPNNNAPI"	NA	NA	-2.33	"Q12515"
"YDL173W"	"PAR32"	"S246"	"GGAGNIIsPKSSRNT"	NA	-0.26	-1.67	"Q12515"
"YDL173W"	"PAR32"	"S249"	"GNIISPKsSRNTINH"	NA	NA	-1.6	"Q12515"
"YDL173W"	"PAR32"	"S250"	"NIISPKSsRNTINHN"	NA	NA	-1.66	"Q12515"
"YGR178C"	"PBP1"	"T193"	"ERKLEKWtPEEGAEH"	NA	NA	-4.18	"P53297"
"YGR178C"	"PBP1"	"S436"	"TPSAKTVsPTTQISA"	NA	-0.04	-1.95	"P53297"
"YOR153W"	"PDR5"	"T49"	"RIQKLARtLTAQSMQ"	NA	-1.96	NA	"P33302"
"YOR153W"	"PDR5"	"T51"	"QKLARTLtAQSMQNS"	NA	-1.03	NA	"P33302"
"YER149C"	"PEA2"	"S345"	"PVTWDPSsPSSVGSP"	NA	NA	-1.42	"P40091"
"YDL065C"	"PEX19"	"S70"	"GVQVANEsEEDPELK"	0.36	-1.49	-0.09	"Q07418"
"YLR324W"	"PEX30"	"T288"	"DSKPIRFtYVLYENQ"	-2.81	NA	NA	"Q06169"
"YGR004W"	"PEX31"	"T272"	"EVGNTSNtKKTVLFK"	NA	NA	-3.54	"P53203"
"YMR205C"	"PFK2"	"T354"	"IDNDMSTtDATIGAY"	NA	-2.34	NA	"P16862"
"YMR278W"	"PGM3"	"S332"	"DPDADRFsVAVKDMQ"	-4.27	NA	NA	"Q03262"
"YMR278W"	"PGM3"	"S340"	"VAVKDMQsGEWRQLT"	-4.27	NA	NA	"Q03262"
"YOL001W"	"PHO80"	"S278"	"HSSQKRYsEAKDAHI"	NA	NA	-2.85	"P20052"
"YML123C"	"PHO84"	"S579"	"NNDIESSsPSQLQHE"	NA	NA	-1.53	"P25297"
"YML123C"	"PHO84"	"S581"	"DIESSSPsQLQHEA"	NA	NA	-1.15	"P25297"
"YGL023C"	"PIB2"	"S217"	"TQALRKLsSFKMNAS"	NA	NA	-1.03	"P53191"
"YGL023C"	"PIB2"	"S218"	"QALRKLSsFKMNASS"	NA	NA	-1.03	"P53191"
"YGL023C"	"PIB2"	"S309"	"EFLPQPAsSTNLNFN"	-2.51	NA	NA	"P53191"
"YGL023C"	"PIB2"	"S310"	"FLPQPASsTNLNFNS"	-2.51	NA	NA	"P53191"
"YML061C"	"PIF1"	"S70"	"KEDLDLLsDSDDWEE"	NA	-2.83	-0.27	"P07271"
"YML061C"	"PIF1"	"S72"	"DLDLLSDsDDWEEPD"	NA	-2.83	-0.27	"P07271"
"YLR273C"	"PIG1"	"S645"	"FRDYFYKsPSP"	-2.403887236	NA	NA	"Q06216"
"YGR086C"	"PIL1"	"T14"	"LRNSRAPtASQLQNP"	NA	-1.3	NA	"P53252"
"YBL051C"	"PIN4"	"S466"	"SMQPTLTsPKMNIHH"	NA	-1.01	-0.96	"P34217"
"YBL051C"	"PIN4"	"S541"	"LLRNSQIsPPNSQIP"	NA	-1.25	-0.16	"P34217"
"YBL051C"	"PIN4"	"S638"	"DLIYKSLsHSGLDDG"	-3.16	NA	NA	"P34217"
"YBL051C"	"PIN4"	"S640"	"IYKSLSHsGLDDGLE"	-2.73	0.26	0.46	"P34217"
"YBL051C"	"PIN4"	"S653"	"LEQGLNRsLSGLDLQ"	-1.73	0.43	0.36	"P34217"
"YBL105C"	"PKC1"	"T753"	"LTIDSTHtNPFRDMN"	-0.68	NA	-1.31	"P24583"
"YIL122W"	"POG1"	"S168"	"INASELAsPRGHRRY"	NA	NA	-2.48	"P40473"
"YNL102W"	"POL1"	"S169"	"KLRENLNsSPTSEFK"	0.2	NA	-1.28	"P13382"
"YNL102W"	"POL1"	"S170"	"LRENLNSsPTSEFKS"	NA	-0.29	-1.28	"P13382"
"YNL102W"	"POL1"	"T172"	"ENLNSSPtSEFKSSI"	-0.53	NA	-1.38	"P13382"
"YNL102W"	"POL1"	"S215"	"KYLEIESsPLKLQSR"	NA	-1.17	-2.32	"P13382"
"YNL102W"	"POL1"	"S305"	"SRSNPSTsPFVTAPG"	NA	-0.56	-2.02	"P13382"
"YNL102W"	"POL1"	"T309"	"PSTSPFVtAPGTPIG"	NA	-0.24	-2.02	"P13382"
"YNL102W"	"POL1"	"T313"	"PFVTAPGtPIGIKGL"	NA	-0.24	-2.02	"P13382"
"YBL035C"	"POL12"	"S97"	"KKPVIKKsLNSSPLF"	NA	NA	-4.35	"P38121"
"YBL035C"	"POL12"	"T111"	"FGLSIPKtPTLKKRK"	NA	NA	-3.49	"P38121"
"YBL035C"	"POL12"	"S124"	"RKLHGPFsLSDSKQT"	NA	NA	-3.81	"P38121"
"YBL035C"	"POL12"	"S126"	"LHGPFSLsDSKQTYN"	NA	NA	-2.26	"P38121"
"YJR043C"	"POL32"	"T257"	"LEDLLETtAEDSLMD"	NA	NA	-1.51	"P47110"
"YLR018C"	"POM34"	"T221"	"YLFKGLEtPLKARQR"	NA	NA	-1.68	"Q12445"
"YLR018C"	"POM34"	"T273"	"NDNNSPHtPVTRKGY"	-1.13	0.33	-0.67	"Q12445"
"YIL114C"	"POR2"	"T103"	"GDVNAFLtPQSIKNA"	NA	-3.58	NA	"P40478"
"YML016C"	"PPZ1"	"S142"	"MIQMEPKsPILKTNN"	NA	NA	-1.54	"P26570"
"YML016C"	"PPZ1"	"T261"	"DGNTAYStPLNSPGL"	NA	NA	-1.59	"P26570"
"YML016C"	"PPZ1"	"S265"	"AYSTPLNsPGLSKLT"	NA	-1.33	-1.83	"P26570"
"YML016C"	"PPZ1"	"S269"	"PLNSPGLsKLTDHSG"	NA	-1.33	NA	"P26570"
"YDR436W"	"PPZ2"	"S299"	"NVNGRGTsPIPNLNI"	NA	NA	-2.54	"P33329"
"YDR436W"	"PPZ2"	"S310"	"NLNIDKPsPSASSAS"	-2.74	NA	-2.54	"P33329"
"YEL060C"	"PRB1"	"S305"	"RERLNLGsFNKYLYD"	NA	-1.13	NA	"P09232"
"YGL120C"	"PRP43"	"S8"	"MGSKRRFsSEHPDPV"	-4.27	NA	-0.65	"P53131"
"YGL120C"	"PRP43"	"S9"	"GSKRRFSsEHPDPVE"	-4.27	NA	-2.49	"P53131"
"YOL061W"	"PRS5"	"T181"	"NNFDIKKtLSFSRIP"	NA	-2.51	NA	"Q12265"
"YOL061W"	"PRS5"	"S183"	"FDIKKTLsFSRIPMI"	-1.24	-2.51	NA	"Q12265"
"YMR137C"	"PSO2"	"S193"	"SFISNPSsPAKTKRD"	NA	0.34	-2.98	"P30620"
"YML017W"	"PSP2"	"S266"	"SLIPSSDsMATTATG"	NA	NA	-3.04	"P50109"
"YML017W"	"PSP2"	"S325"	"TPLSKLDsPALELQS"	-1.19	NA	-0.6	"P50109"
"YBL046W"	"PSY4"	"T347"	"FTNMDLTtPKKYKHT"	NA	NA	-1.83	"P38193"
"YBL046W"	"PSY4"	"S434"	"TYRENISsPLGKKSR"	NA	-1.46	-2.48	"P38193"
"YJR059W"	"PTK2"	"S61"	"RPTSPSIsGSGSGGN"	NA	NA	-1.14	"P47116"
"YJR059W"	"PTK2"	"S69"	"GSGSGGNsPSSSAGA"	NA	NA	-1.92	"P47116"
"YJR059W"	"PTK2"	"S623"	"TLTSKPRsMLEIAES"	-0.96	-1.47	0.1	"P47116"
"YJR059W"	"PTK2"	"S722"	"STMKELKsMLNSTPT"	NA	NA	-1.08	"P47116"
"YJR059W"	"PTK2"	"T727"	"LKSMLNStPTTPTHN"	NA	-0.93	-1.25	"P47116"
"YJR059W"	"PTK2"	"T730"	"MLNSTPTtPTHNGPT"	NA	-0.93	-1.25	"P47116"
"YJR059W"	"PTK2"	"T737"	"TPTHNGPtPLPAKAG"	NA	-0.18	-1.08	"P47116"
"YJR059W"	"PTK2"	"S758"	"MSDLSLKsETPASTK"	NA	-1.13	-0.78	"P47116"
"YJR059W"	"PTK2"	"S784"	"NSLRSLGsPSVSSSK"	NA	NA	-2.44	"P47116"
"YJR059W"	"PTK2"	"S786"	"LRSLGSPsVSSSKKK"	NA	NA	-1.51	"P47116"
"YJR059W"	"PTK2"	"S788"	"SLGSPSVsSSKKKKV"	NA	NA	-2.44	"P47116"
"YER075C"	"PTP3"	"T267"	"TAPHMTAtTPLSSPQ"	NA	NA	-2.45	"P40048"
"YER075C"	"PTP3"	"S272"	"TATTPLSsPQMNLKL"	NA	NA	-2.45	"P40048"
"YER075C"	"PTP3"	"S445"	"EKRRLNHsVSFRKKE"	NA	NA	-1.76	"P40048"
"YKR093W"	"PTR2"	"S597"	"EPMESLRsTTKY"	-1.56	NA	NA	"P32901"
"YLL013C"	"PUF3"	"S117"	"YRSTDTAsLSSASYN"	NA	NA	-3.48	"Q07807"
"YLL013C"	"PUF3"	"S178"	"FFEKFGKsLIDGTRE"	NA	NA	-1.58	"Q07807"
"YLL013C"	"PUF3"	"S223"	"TFEQNVEsDKNFNKL"	NA	NA	-2.81	"Q07807"
"YGR253C"	"PUP2"	"S56"	"GVEKRATsPLLESDS"	NA	-3.32	-0.14	"P32379"
"YPL153C"	"RAD53"	"T731"	"KDLVKKLtQMMAAQR"	NA	-7.89	NA	"P22216"
"YPL153C"	"RAD53"	"S747"	"NQPSASSsSMSAKKP"	NA	-7.89	NA	"P22216"
"YJR052W"	"RAD7"	"S64"	"KGKAEDDsFTAEISR"	NA	-0.57	-1.15	"P06779"
"YDR217C"	"RAD9"	"S26"	"AIKEALHsPLADGDM"	NA	-0.75	-1.43	"P14737"
"YDR217C"	"RAD9"	"S56"	"STNIIEGsPKANPNP"	-0.84	-0.42	-1.15	"P14737"
"YDR217C"	"RAD9"	"T492"	"PILEVPEtSSPSKNT"	NA	NA	-1.42	"P14737"
"YDR217C"	"RAD9"	"S493"	"ILEVPETsSPSKNTM"	NA	NA	-1.42	"P14737"
"YDR217C"	"RAD9"	"S937"	"KSMTNVLsPKKHTDD"	NA	NA	-1.21	"P14737"
"YJR033C"	"RAV1"	"S1211"	"PVQKLLKsPTKDRAY"	-0.76	-1.08	-0.54	"P47104"
"YLR248W"	"RCK2"	"T44"	"NKDVSQItSSPKKSF"	NA	-1.27	NA	"P38623"
"YLR248W"	"RCK2"	"S46"	"DVSQITSsPKKSFQD"	-1.2	-1.26	-1.4	"P38623"
"YLR248W"	"RCK2"	"S50"	"ITSSPKKsFQDKNIV"	NA	-1.61	-2.19	"P38623"
"YBR073W"	"RDH54"	"S124"	"TKKHKTWsGDGYATL"	NA	NA	-2.65	"P38086"
"YDL135C"	"RDI1"	"T27"	"YKVSAKKtVDEYKNL"	NA	-2.42	0.14	"Q12434"
"YDR195W"	"REF2"	"S245"	"DDKNSSPsPTASTSS"	NA	NA	-1.67	"P42073"
"YDR028C"	"REG1"	"S421"	"NLDQNLNsPDNNRFP"	NA	-1.1	-0.54	"Q00816"
"YDR028C"	"REG1"	"S570"	"NARFSRRsDSGVHSP"	-1.79	NA	-0.84	"Q00816"
"YDR028C"	"REG1"	"S572"	"RFSRRSDsGVHSPIT"	-3.18	NA	-1.46	"Q00816"
"YDR028C"	"REG1"	"S778"	"GKSGSTNsLYDLAQP"	-2.37	NA	NA	"Q00816"
"YDR028C"	"REG1"	"T896"	"SFRIVNNtPSPAEVG"	NA	-1.47	NA	"Q00816"
"YDR028C"	"REG1"	"S898"	"RIVNNTPsPAEVGAS"	NA	-1.47	NA	"Q00816"
"YOR217W"	"RFC1"	"T45"	"TESDQEStNKTPKKM"	NA	NA	-1.73	"P38630"
"YOR217W"	"RFC1"	"T48"	"DQESTNKtPKKMPVS"	NA	0.19	-2.12	"P38630"
"YOR127W"	"RGA1"	"T278"	"SRNLLNKtPLRNSSG"	NA	NA	-4.57	"P39083"
"YOR127W"	"RGA1"	"S291"	"SGQYLAKsPSSYRQG"	NA	NA	-2.53	"P39083"
"YOR127W"	"RGA1"	"S331"	"LLTSVLHsPVSVNMK"	NA	NA	-3.28	"P39083"
"YOR127W"	"RGA1"	"S334"	"SVLHSPVsVNMKNPK"	NA	NA	-3.28	"P39083"
"YDR379W"	"RGA2"	"S380"	"SKSMNHVsPITRTDT"	NA	NA	-1.48	"Q06407"
"YDR379W"	"RGA2"	"S497"	"NPVSRGQsDSTIYNT"	NA	NA	-1.22	"Q06407"
"YDR379W"	"RGA2"	"S523"	"FNHKKAQsSLGSISK"	NA	NA	-1.93	"Q06407"
"YDR379W"	"RGA2"	"S524"	"NHKKAQSsLGSISKK"	NA	NA	-1.93	"Q06407"
"YDR379W"	"RGA2"	"S733"	"DLESQQRsPNSSSGG"	NA	NA	-1.34	"Q06407"
"YDR379W"	"RGA2"	"S763"	"RVHDELPsPGKVPLS"	NA	NA	-2.84	"Q06407"
"YDR379W"	"RGA2"	"S770"	"SPGKVPLsPSPKRLD"	NA	NA	-2.84	"Q06407"
"YDR379W"	"RGA2"	"S772"	"GKVPLSPsPKRLDYT"	NA	NA	-2.84	"Q06407"
"YDR137W"	"RGP1"	"S370"	"SSIIDIDsPLEDNEF"	NA	NA	-1.31	"P16664"
"YKL038W"	"RGT1"	"S229"	"SYNTVQQsPITNKHT"	NA	-2.04	NA	"P32862"
"YKL038W"	"RGT1"	"T469"	"EASSPGStPQRSTKK"	NA	NA	-1.84	"P32862"
"YNL180C"	"RHO5"	"S66"	"NGNDKRGsLSSASSS"	NA	NA	-1.24	"P53879"
"YNL180C"	"RHO5"	"S68"	"NDKRGSLsSASSSPS"	NA	NA	-1.24	"P53879"
"YBR275C"	"RIF1"	"S45"	"KTNLPPPsPQAHMHI"	-1.745777767	NA	NA	"P29539"
"YBR275C"	"RIF1"	"S141"	"SPKPSPSsKPGKSIL"	NA	NA	-4.15	"P29539"
"YFL033C"	"RIM15"	"S1064"	"RRSESQLsFSLLDIS"	-1.07	NA	NA	"P43565"
"YFL033C"	"RIM15"	"S1565"	"PTMTKFKsPLSPANT"	NA	NA	-1.55	"P43565"
"YHL024W"	"RIM4"	"S525"	"MMPLRRKsMPNSWSS"	NA	0.78	-2.18	"P38741"
"YPR018W"	"RLF2"	"S94"	"KLLCYKNsPIQSTKY"	NA	-0.93	-2.47	"Q12495"
"YPR018W"	"RLF2"	"S515"	"QTASQSQsPEKKQKA"	NA	NA	-1.54	"Q12495"
"YNL002C"	"RLP7"	"S278"	"FKLNREVsGFGSLNR"	NA	-1.08	NA	"P40693"
"YFR048W"	"RMD8"	"T453"	"KNILGDItFADYKNL"	-2.74	NA	NA	"P43620"
"YOR018W"	"ROD1"	"S623"	"NSYSRQTsSTSLKND"	-2.02	NA	NA	"Q02805"
"YOR018W"	"ROD1"	"S722"	"LPRNNSGsSVSLQQL"	-1.93	NA	0.64	"Q02805"
"YOR018W"	"ROD1"	"S725"	"NNSGSSVsLQQLARN"	-1.93	0.44	NA	"Q02805"
"YLR371W"	"ROM2"	"S171"	"DHPLPPMsPRNEVYQ"	NA	NA	-1.97	"P51862"
"YLR371W"	"ROM2"	"T216"	"STGSASTtPTQARKS"	NA	NA	-1.1	"P51862"
"YLR371W"	"ROM2"	"S372"	"LGLKTRVsSTSLALK"	-2.36	NA	0.87	"P51862"
"YDR156W"	"RPA14"	"S121"	"TTEKKETsIGVSATG"	-2.55	-0.25	-0.9	"P50106"
"YOR340C"	"RPA43"	"S265"	"NGYNSSRsQAESLPI"	-1.28	-0.03	NA	"P46669"
"YDL150W"	"RPC53"	"S27"	"GGGSAKPsLKFKPKA"	-2.24	NA	NA	"P25441"
"YER169W"	"RPH1"	"S430"	"SKSSGVSsPLLSRMK"	NA	-0.19	-1.08	"P39956"
"YER169W"	"RPH1"	"S459"	"LKLKRISsFQEQPLN"	-2.26	-0.58	-0.17	"P39956"
"YER169W"	"RPH1"	"T480"	"TSQTAMLtDHEDNIV"	NA	-3.56	NA	"P39956"
"YER169W"	"RPH1"	"S557"	"NISGISHsAPHSPVN"	NA	-1.38	-0.78	"P39956"
"YER169W"	"RPH1"	"S561"	"ISHSAPHsPVNPNIS"	-0.36	-1.38	-0.78	"P39956"
"YER169W"	"RPH1"	"S575"	"SLIKRVKsPNIVTLN"	-3.39	NA	-0.38	"P39956"
"YER169W"	"RPH1"	"S584"	"NIVTLNIsRESSRSP"	-3.39	-0.75	-0.14	"P39956"
"YDR418W"	"RPL12B"	"S38"	"KIGPLGLsPKKVGED"	-2.25	-1	-1.88	"P0CX54"
"YDL082W"	"RPL13A"	"S140"	"PEAEQVLsAAATFPI"	NA	-1.28	NA	"Q12690"
"YOR369C"	"RPS12"	"S119"	"ARKVVGAsVVVVKNW"	NA	-7.41	-2.32	"P48589"
"YLR441C"	"RPS1A"	"T245"	"EEKGKKVtGFKDEVL"	NA	-2.9	NA	"P33442"
"YBR181C"	"RPS6B"	"S232"	"EIRKRRAsSLKA"	-4.38	-1.67	-2.37	"P0CX38"
"YBR181C"	"RPS6B"	"S233"	"IRKRRASsLKA"	-4.38	-1.67	-0.63	"P0CX38"
"YIL153W"	"RRD1"	"S341"	"IEQANAGsPGREQTS"	NA	NA	-2	"P40454"
"YOL117W"	"RRI2"	"S154"	"LEDTATMsVFLQRID"	NA	NA	-4.47	"Q12348"
"YML043C"	"RRN11"	"S225"	"DLLHLNVsRHNWSLA"	NA	NA	-4.58	"Q04712"
"YLR357W"	"RSC2"	"T243"	"LRDNRSTtPSHSGTP"	NA	-0.32	-1.25	"Q06488"
"YLR357W"	"RSC2"	"S245"	"DNRSTTPsHSGTPQP"	NA	NA	-1.13	"Q06488"
"YLR357W"	"RSC2"	"S682"	"IPLSRVGsPGAGGPL"	-2.05	NA	-2.69	"Q06488"
"YDR494W"	"RSM28"	"T113"	"TSFVKNPtGNTVVMQ"	NA	NA	-3.29	"Q03430"
"YDR494W"	"RSM28"	"T116"	"VKNPTGNtVVMQPQF"	NA	NA	-3.29	"Q03430"
"YMR266W"	"RSN1"	"S951"	"YKEEESRsAV"	-1.15	NA	NA	"Q03516"
"YDR233C"	"RTN1"	"T219"	"SNLVKSKtAPVSSTA"	NA	-1.92	0.39	"Q04947"
"YOR014W"	"RTS1"	"S236"	"DIPRSSHsFERLPTP"	NA	NA	-2.44	"P38903"
"YOR014W"	"RTS1"	"T242"	"HSFERLPtPTKLNPD"	NA	NA	-3.54	"P38903"
"YGR161C"	"RTS3"	"S214"	"HHTLLPRsLSGISSS"	NA	-1.39	1.73	"P53289"
"YGR161C"	"RTS3"	"S216"	"TLLPRSLsGISSSDL"	1.02	-1.74	NA	"P53289"
"YDR159W"	"SAC3"	"S600"	"VKPQINTsPKRVATR"	NA	-0.37	-1.27	"P46674"
"YDR159W"	"SAC3"	"S866"	"SDKNLIFsPVNDEFN"	NA	NA	-2.75	"P46674"
"YDR389W"	"SAC7"	"S16"	"GSKIENVsPSKGHVP"	NA	NA	-1.49	"P17121"
"YDR389W"	"SAC7"	"S46"	"ENITVPRsPTSLSRN"	NA	NA	-1.92	"P17121"
"YER129W"	"SAK1"	"S36"	"SSSVSLRsPTKSSAT"	NA	NA	-1.47	"P38990"
"YER129W"	"SAK1"	"S964"	"SSKLSELsNSPQKGS"	NA	NA	-1.63	"P38990"
"YER129W"	"SAK1"	"S966"	"KLSELSNsPQKGSNN"	NA	-0.54	-1.63	"P38990"
"YPL274W"	"SAM3"	"T18"	"DKFTKIEtESTTIPN"	-2.19	NA	-1.33	"Q08986"
"YPL274W"	"SAM3"	"S20"	"FTKIETEsTTIPNDS"	NA	-1.04	-2.79	"Q08986"
"YJL098W"	"SAP185"	"T799"	"VYDKGERtMGTVDDY"	-5.23	NA	NA	"P40856"
"YDR351W"	"SBE2"	"S181"	"NITPLKKsRPGSILQ"	NA	NA	-1.07	"P42223"
"YDR180W"	"SCC2"	"S1314"	"YKHDHFLsLLEKLCG"	NA	-1.61	NA	"Q04002"
"YOR329C"	"SCD5"	"S312"	"AEDEDQDsNNDSPLD"	NA	-3.45	NA	"P34758"
"YJL080C"	"SCP160"	"T97"	"PSAPSLTtGLGAKRM"	NA	NA	-1.49	"P06105"
"YJL080C"	"SCP160"	"S626"	"AANKIFEsILNSPSS"	NA	-1.92	NA	"P06105"
"YER120W"	"SCS2"	"T204"	"EKQTSNStPAPQNQI"	NA	NA	-1.76	"P40075"
"YGL056C"	"SDS23"	"S398"	"PTASSEKsSSPSPST"	-0.25	-1.32	-0.44	"P53172"
"YGL056C"	"SDS23"	"T405"	"SSSPSPStPPVTTLP"	-0.25	-1.32	NA	"P53172"
"YBR214W"	"SDS24"	"S94"	"VPMTQTPsQCLSCVH"	NA	-1.16	NA	"P38314"
"YBR214W"	"SDS24"	"S458"	"TAMEDPPsPRSSAIA"	-1.3	-0.04	-0.57	"P38314"
"YLR166C"	"SEC10"	"S485"	"NVDAFMHsPRGNTHS"	NA	NA	-1.44	"Q06245"
"YPL085W"	"SEC16"	"S305"	"RNSGDDTsMLFQDDE"	NA	NA	-1.16	"P48415"
"YPL085W"	"SEC16"	"S607"	"VSVPNIVsPKPPVVK"	NA	-2.34	-0.74	"P48415"
"YPL085W"	"SEC16"	"S681"	"SRKGSNNsNRPPVIP"	-1.26	NA	0.35	"P48415"
"YPL085W"	"SEC16"	"S706"	"TNSAISQsPVNYAFP"	0.62	-1.03	0.89	"P48415"
"YPL085W"	"SEC16"	"S1515"	"IGDSLQGsPQRIHNT"	-0.41	-0.38	-1.43	"P48415"
"YDL195W"	"SEC31"	"S836"	"PSQPSMAsPFVNKTN"	NA	-1.23	NA	"P38968"
"YDL195W"	"SEC31"	"S974"	"PPLSRAPsSVSMVSP"	NA	-1.2	-0.76	"P38968"
"YDL195W"	"SEC31"	"S975"	"PLSRAPSsVSMVSPP"	NA	-1.2	-0.76	"P38968"
"YDL195W"	"SEC31"	"S980"	"PSSVSMVsPPPLHKN"	NA	0.04	-1.07	"P38968"
"YDL195W"	"SEC31"	"S988"	"PPPLHKNsRVPSLVA"	0.08	-1.26	0.61	"P38968"
"YFL005W"	"SEC4"	"T6"	"MSGLRtVSASSGN"	NA	NA	-5.84	"P07560"
"YFL005W"	"SEC4"	"S201"	"NGKEGNIsINSGSGN"	-0.1	-0.07	-1.18	"P07560"
"YOR254C"	"SEC63"	"T467"	"AKQPLIPtSLIPEEN"	NA	NA	-5.23	"P14906"
"YOR254C"	"SEC63"	"S468"	"KQPLIPTsLIPEENL"	NA	NA	-5.23	"P14906"
"YDR170C"	"SEC7"	"S1223"	"NPRVSYEsSRSNNTS"	-1.02	NA	-0.22	"P11075"
"YDR170C"	"SEC7"	"S1226"	"VSYESSRsNNTSFFD"	-0.03	-1.22	-0.2	"P11075"
"YDR170C"	"SEC7"	"T1240"	"DVWGKKAtPTELAQE"	-0.06	NA	-1.37	"P11075"
"YDR170C"	"SEC7"	"S1738"	"NDRRENDsNISETVE"	-1.14	NA	NA	"P11075"
"YDR170C"	"SEC7"	"S1741"	"RENDSNIsETVERAH"	-1.13	NA	NA	"P11075"
"YCR067C"	"SED4"	"S395"	"NTTIDQGsSSYFTIN"	NA	-1.52	NA	"P25365"
"YAL067C"	"SEO1"	"S588"	"SKDVETLsVSDEK"	NA	NA	-1.91	"P39709"
"YGL066W"	"SGF73"	"S648"	"IEVGIGNsVNPYNGR"	NA	NA	-4.41	"P53165"
"YOR057W"	"SGT1"	"S171"	"NSSHSPIsPLKIETA"	NA	NA	-1.37	"Q08446"
"YLR058C"	"SHM2"	"T20"	"ITSHLVDtDPEVDSI"	NA	NA	-3.39	"P37291"
"YBL058W"	"SHP1"	"S75"	"EAFSTNSsNKAINTE"	NA	NA	-2.56	"P34223"
"YBL058W"	"SHP1"	"S315"	"GQGQRLGsPIPGESS"	-0.21	-1.29	-0.68	"P34223"
"YBL058W"	"SHP1"	"S322"	"SPIPGESsPAEVPKN"	0.16	-1.05	-0.25	"P34223"
"YDL225W"	"SHS1"	"S447"	"SSPKFLNsPDLPERT"	NA	-0.44	-2.11	"Q07657"
"YDL225W"	"SHS1"	"T541"	"IKKNDTYtDLASIAS"	-1.66	NA	NA	"Q07657"
"YLR079W"	"SIC1"	"S198"	"SPKNDARsQESEDEE"	-1.76	NA	NA	"P38634"
"YOL004W"	"SIN3"	"T304"	"DDPIRVTtPMGTTTV"	-0.34	-1.62	-0.55	"P22579"
"YOL004W"	"SIN3"	"S316"	"TTVNNNIsPSGRGTT"	-0.34	-1.62	-0.55	"P22579"
"YDR422C"	"SIP1"	"S246"	"LESSATAsPSPTRSS"	0.67	-0.53	-1.06	"P32578"
"YDR422C"	"SIP1"	"S248"	"SSATASPsPTRSSSV"	NA	NA	-1.06	"P32578"
"YDL042C"	"SIR2"	"S23"	"NKVSNTVsPTQDKDA"	NA	-0.46	-1.13	"P06700"
"YLR442C"	"SIR3"	"T454"	"HSMNENPtPEKGNAK"	NA	NA	-1.13	"P06701"
"YDR227W"	"SIR4"	"S342"	"TSKKIVPsPKKVAID"	NA	NA	-2.04	"P11978"
"YDR227W"	"SIR4"	"S389"	"KRMEILKsPHLSKSP"	NA	NA	-2.96	"P11978"
"YKR072C"	"SIS2"	"S47"	"GKDSIINsPVSGRQS"	NA	-1.69	-0.59	"P36024"
"YKR072C"	"SIS2"	"S56"	"VSGRQSIsPTLSNAT"	0.4	-1.33	-0.26	"P36024"
"YDR409W"	"SIZ1"	"S132"	"PPTVQQQsPSVIRQS"	NA	NA	-2.41	"Q04195"
"YDR409W"	"SIZ1"	"S139"	"SPSVIRQsPTQRRKT"	NA	NA	-2.41	"Q04195"
"YHR149C"	"SKG6"	"S126"	"LPTMKDYsPGINHLY"	-1.61	NA	NA	"P32900"
"YHR149C"	"SKG6"	"S157"	"PSDPFVGsMHSSKYN"	NA	NA	-1.12	"P32900"
"YHR149C"	"SKG6"	"T232"	"PDNFSNCtPIRASSR"	NA	NA	-1.61	"P32900"
"YNL167C"	"SKO1"	"S94"	"HNDVKKDsPSFLPGQ"	NA	NA	-1.43	"Q02100"
"YNL167C"	"SKO1"	"S108"	"QQRPTIIsPPILTPG"	NA	NA	-1.8	"Q02100"
"YNL167C"	"SKO1"	"T113"	"IISPPILtPGGSKRL"	NA	NA	-1.8	"Q02100"
"YMR216C"	"SKY1"	"T642"	"RNGKYTRtFFNSRGL"	NA	-3.4	NA	"Q03656"
"YMR216C"	"SKY1"	"S646"	"YTRTFFNsRGLLRNI"	NA	-3.4	NA	"Q03656"
"YBL007C"	"SLA1"	"S437"	"IKKNFTKsPSRSRSR"	NA	NA	-2.93	"P32790"
"YNL243W"	"SLA2"	"T294"	"PARTPARtPTPTPPV"	-1.62	-0.42	-0.74	"P33338"
"YNL243W"	"SLA2"	"T296"	"RTPARTPtPTPPVVA"	-1.09	-1.06	-0.8	"P33338"
"YNL243W"	"SLA2"	"T298"	"PARTPTPtPPVVAEP"	-1.13	-0.18	-0.8	"P33338"
"YNL243W"	"SLA2"	"S308"	"VVAEPAIsPRPVSQR"	-1.62	-1.06	-0.8	"P33338"
"YGL113W"	"SLD3"	"S467"	"IINSVPSsPALRRVD"	NA	-4.41	NA	"P53135"
"YDR515W"	"SLF1"	"S42"	"TSPWKSSsPDSNTVI"	-1.1	NA	-0.4	"Q12034"
"YBR156C"	"SLI15"	"S144"	"SIHDTNKsPVEPLNS"	NA	NA	-1.04	"P38283"
"YBR156C"	"SLI15"	"S268"	"KVRTVKEsPIAFKKK"	NA	NA	-3	"P38283"
"YOR195W"	"SLK19"	"S216"	"DGVERNDsFNINTDT"	-1.99	-0.82	NA	"Q08581"
"YNL047C"	"SLM2"	"S649"	"FYIENVDsPRKSNQL"	-2.23	-2.4	-2.33	"P53955"
"YNL047C"	"SLM2"	"S653"	"NVDSPRKsNQL"	-2.23	0.41	NA	"P53955"
"YIL147C"	"SLN1"	"S502"	"RSHILTTsANLTEAR"	-3.29	NA	NA	"P39928"
"YLR086W"	"SMC4"	"S113"	"YSQSPPRsPGRSPTR"	NA	-0.77	-1.98	"Q12267"
"YLR086W"	"SMC4"	"S117"	"PPRSPGRsPTRRLEL"	NA	NA	-1.98	"Q12267"
"YLR086W"	"SMC4"	"S128"	"RLELLQLsPVKNSRV"	NA	-1.91	-2.92	"Q12267"
"YOR290C"	"SNF2"	"S356"	"SKDENFAsVSPAGPS"	NA	NA	-1.07	"P22082"
"YDR006C"	"SOK1"	"S37"	"TNSKQERsSSSLSKP"	NA	NA	-4.91	"P40317"
"YDR006C"	"SOK1"	"S191"	"YTNINNPsPSPPPSS"	-1.24	-0.19	-0.62	"P40317"
"YDR006C"	"SOK1"	"S193"	"NINNPSPsPPPSSKQ"	-1.24	-0.19	-0.62	"P40317"
"YDR006C"	"SOK1"	"S198"	"SPSPPPSsKQPPSAS"	-1.68	NA	NA	"P40317"
"YLL021W"	"SPA2"	"S254"	"NYWDVNDsPIIKVDK"	-1.24	-0.28	-1.68	"P23201"
"YLL021W"	"SPA2"	"S274"	"KGPEQLKsPEVQRAE"	NA	NA	-2.09	"P23201"
"YLL021W"	"SPA2"	"S585"	"NDVEEEEsPVKPLKI"	-3.34	NA	-1.7	"P23201"
"YLL021W"	"SPA2"	"S599"	"ITQKAINsPIIRPSS"	-1.01	-2.04	-0.91	"P23201"
"YLL021W"	"SPA2"	"S606"	"SPIIRPSsSNGVPTT"	-2.14	NA	NA	"P23201"
"YLL021W"	"SPA2"	"T612"	"SSSNGVPtTSRKPSG"	NA	NA	-2.12	"P23201"
"YLL021W"	"SPA2"	"S646"	"EDNDKYVsPIKAVTS"	NA	NA	-2.55	"P23201"
"YLL021W"	"SPA2"	"S883"	"EPLGNVEsPDMTQKV"	NA	-0.64	-1.44	"P23201"
"YLL021W"	"SPA2"	"S910"	"ESDSRVEsPGMTGQI"	NA	NA	-1.33	"P23201"
"YLL021W"	"SPA2"	"S937"	"EADSRVEsPGMKEQI"	NA	NA	-1.58	"P23201"
"YLL021W"	"SPA2"	"S961"	"TAQESIKsPEAARKL"	NA	NA	-2.54	"P23201"
"YLL021W"	"SPA2"	"S979"	"GEVDKIEsPRMVRES"	-1.06	-1.24	-1.58	"P23201"
"YLL021W"	"SPA2"	"S1076"	"SGLPEPNsQIVSPEL"	NA	NA	-5.18	"P23201"
"YLL021W"	"SPA2"	"S1080"	"EPNSQIVsPELAKNS"	NA	NA	-1.57	"P23201"
"YLL021W"	"SPA2"	"S1087"	"SPELAKNsPLAPIKK"	NA	NA	-5.18	"P23201"
"YLL021W"	"SPA2"	"S1122"	"TNKDANTsWRDADLN"	NA	NA	-1.99	"P23201"
"YGL093W"	"SPC105"	"T356"	"DYAASVTtPVKEAKD"	NA	NA	-1.1	"P53148"
"YPL124W"	"SPC29"	"S58"	"YRAQERMsSPLHRLS"	NA	NA	-1.01	"P33419"
"YPL124W"	"SPC29"	"S59"	"RAQERMSsPLHRLSP"	NA	NA	-1.54	"P33419"
"YPL124W"	"SPC29"	"T67"	"PLHRLSPtGKSDDRK"	NA	NA	-1.54	"P33419"
"YKL042W"	"SPC42"	"T357"	"NMSETFAtPTPNNR"	NA	NA	-1.23	"P36094"
"YHR136C"	"SPL2"	"S86"	"YYTPRRTsQSQSLSG"	-1.15	NA	-1.01	"P38839"
"YHR152W"	"SPO12"	"T87"	"SNLKSSHtTSNLVKK"	NA	NA	-5.46	"P17123"
"YHR152W"	"SPO12"	"S118"	"QLQQRFAsPTDRLVS"	NA	NA	-5.06	"P17123"
"YHR152W"	"SPO12"	"S125"	"SPTDRLVsPCSLKLN"	NA	NA	-5.06	"P17123"
"YER161C"	"SPT2"	"S126"	"PEPIKKMsFEELMKQ"	NA	NA	-1.2	"P06843"
"YER161C"	"SPT2"	"S173"	"KRPQKKAsPGATLRG"	-1.18	NA	NA	"P06843"
"YNL224C"	"SQS1"	"S343"	"ADNNLLPsPSPQLTE"	-2.6	NA	NA	"P53866"
"YNL224C"	"SQS1"	"S345"	"NNLLPSPsPQLTEDI"	-2.6	-0.1	1.17	"P53866"
"YER022W"	"SRB4"	"S57"	"SAGKADTsIRLEGDE"	NA	NA	-1.05	"P32569"
"YML034W"	"SRC1"	"S79"	"VKMDRPSsSPSIASP"	NA	NA	-3.03	"Q03707"
"YML034W"	"SRC1"	"S80"	"KMDRPSSsPSIASPR"	NA	NA	-3.03	"Q03707"
"YML034W"	"SRC1"	"S85"	"SSSPSIAsPRRSRRA"	NA	NA	-2.6	"Q03707"
"YML034W"	"SRC1"	"T241"	"LGKLSVKtPIKNTNR"	NA	NA	-3.53	"Q03707"
"YML034W"	"SRC1"	"T287"	"ELGTANGtGHSTPLS"	NA	NA	-2.26	"Q03707"
"YML034W"	"SRC1"	"T291"	"ANGTGHStPLSKLKV"	NA	NA	-2.19	"Q03707"
"YML034W"	"SRC1"	"S301"	"SKLKVSAsFADKLPQ"	NA	-1.13	NA	"Q03707"
"YKR091W"	"SRL3"	"S118"	"RVDNVNVsPLRWSSH"	NA	NA	-2.87	"P36167"
"YPL033C"	"SRL4"	"S242"	"HWKRLSPsISKHLVH"	NA	NA	-1.84	"Q03085"
"YBL106C"	"SRO77"	"S114"	"IIVLSVHsKQILTTV"	NA	NA	-4.79	"P38163"
"YCL037C"	"SRO9"	"S72"	"PAPLPTSsPWKLAPT"	NA	NA	-2.83	"P25567"
"YKR092C"	"SRP40"	"T289"	"ELETKEAtADESKAE"	-2.09	0.6	-1.45	"P32583"
"YKR092C"	"SRP40"	"S293"	"KEATADEsKAEETPA"	-0.95	NA	-1.99	"P32583"
"YDL229W"	"SSB1"	"S591"	"ALQIEDPsADELRKA"	NA	1.76	-4.3	"P11484"
"YDR293C"	"SSD1"	"S231"	"RRATSNLsPPSFKFP"	NA	NA	-1.3	"P24276"
"YDR293C"	"SSD1"	"S267"	"KTRNNEYsPGINSNW"	NA	NA	-2.52	"P24276"
"YDR293C"	"SSD1"	"S286"	"QQPQQQLsPFRHRGS"	NA	-2.67	NA	"P24276"
"YDR293C"	"SSD1"	"S492"	"NDSDSLSsPTKSGVR"	NA	-0.93	-1.03	"P24276"
"YLR006C"	"SSK1"	"S193"	"SPLLRFAsVSPYPKF"	-2.85	-1.88	-0.61	"Q07084"
"YLR006C"	"SSK1"	"S195"	"LLRFASVsPYPKFHS"	-2.85	-1.88	NA	"Q07084"
"YLR006C"	"SSK1"	"S673"	"TDSVLVKsPQKPIAP"	NA	NA	-1.43	"Q07084"
"YNR031C"	"SSK2"	"S53"	"TTQARVAsSPISPGL"	NA	NA	-1.25	"P53599"
"YNR031C"	"SSK2"	"S54"	"TQARVASsPISPGLH"	-2.48	-1.41	-1.32	"P53599"
"YNR031C"	"SSK2"	"S57"	"RVASSPIsPGLHSTQ"	-2.48	-1.41	-1.32	"P53599"
"YNR031C"	"SSK2"	"S62"	"PISPGLHsTQYFRSP"	NA	NA	-1.25	"P53599"
"YCR073C"	"SSK22"	"S1205"	"DFGVETKsLNEMMGT"	NA	NA	-3.37	"P25390"
"YDR443C"	"SSN2"	"S748"	"NDIPQTEsPLKTVDS"	NA	-4.1	NA	"P38931"
"YNL309W"	"STB1"	"S111"	"KTLLEAIsPAKKPLH"	NA	NA	-5.02	"P42845"
"YNL309W"	"STB1"	"S128"	"TNKMTVIsPVKFVEK"	NA	NA	-3.34	"P42845"
"YNL309W"	"STB1"	"T138"	"KFVEKPNtPPSSRQR"	NA	NA	-2.71	"P42845"
"YFL026W"	"STE2"	"S315"	"ITSDFTTsTDRFYPG"	NA	-1.52	NA	"D6VTK4"
"YFL026W"	"STE2"	"S331"	"LSSFQTDsINNDAKS"	-1.52	0.88	NA	"D6VTK4"
"YFL026W"	"STE2"	"T382"	"NQFYQLPtPTSSKNT"	1.55	0.66	-1.15	"D6VTK4"
"YHL007C"	"STE20"	"T189"	"QQPVASStVNSNKSS"	NA	NA	-1.05	"Q03497"
"YHL007C"	"STE20"	"T203"	"STDIRRAtPVSTPVI"	NA	NA	-2.47	"Q03497"
"YHL007C"	"STE20"	"S497"	"IKSPVMNsAANVSPL"	NA	-0.51	-1.44	"Q03497"
"YHL007C"	"STE20"	"S502"	"MNSAANVsPLKQTHA"	NA	-1.85	-1.66	"Q03497"
"YHL007C"	"STE20"	"T512"	"KQTHAPTtPNRTSPN"	NA	NA	-1.53	"Q03497"
"YHL007C"	"STE20"	"S517"	"PTTPNRTsPNRSSIS"	NA	NA	-1.11	"Q03497"
"YHL007C"	"STE20"	"S544"	"PPIPPTKsKTSPIIS"	NA	NA	-3.29	"Q03497"
"YHL007C"	"STE20"	"S562"	"TPQQVAQsPKAPAQE"	NA	NA	-2.27	"Q03497"
"YHL007C"	"STE20"	"T575"	"QETVTTPtSKPAQAR"	NA	NA	-3.15	"Q03497"
"YOR212W"	"STE4"	"T332"	"AANMEYNtAQSPQTL"	NA	NA	-1.4	"P18851"
"YDR103W"	"STE5"	"S329"	"SNYTFLHsPLGHRRI"	NA	NA	-2.83	"P32917"
"YGR008C"	"STF2"	"S28"	"HTGNYGEsPNHIKKQ"	NA	-0.66	-1.5	"P16965"
"YDL048C"	"STP4"	"T191"	"TTGFKTItPSPPTQH"	NA	NA	-1.4	"Q07351"
"YDL048C"	"STP4"	"S193"	"GFKTITPsPPTQHQS"	NA	NA	-1.4	"Q07351"
"YLR305C"	"STT4"	"T470"	"VLRERQLtITSGKNI"	1.56	-1.34	NA	"P37297"
"YLR305C"	"STT4"	"S930"	"YEFKLKHsKTTILVP"	-3.45	NA	NA	"P37297"
"YDR310C"	"SUM1"	"S378"	"SKFHQIPsSPSNPVS"	NA	-1.19	NA	"P46676"
"YDR310C"	"SUM1"	"S379"	"KFHQIPSsPSNPVSQ"	NA	-1.19	NA	"P46676"
"YDR310C"	"SUM1"	"S621"	"SMSPKPRsASISGIS"	-4.38	NA	NA	"P46676"
"YDR310C"	"SUM1"	"S736"	"LDQTENTsISPKKRR"	NA	NA	-1.1	"P46676"
"YDR310C"	"SUM1"	"S738"	"QTENTSIsPKKRRTE"	-0.3	-0.8	-1.71	"P46676"
"YGL162W"	"SUT1"	"S13"	"TVRNRDRsLPPLLLP"	NA	NA	-1.71	"P53032"
"YJL187C"	"SWE1"	"S111"	"DSRIKRWsPFHENES"	NA	NA	-1.58	"P32944"
"YJL187C"	"SWE1"	"T373"	"DTDEEIStPTRRKSI"	NA	NA	-2.16	"P32944"
"YER111C"	"SWI4"	"T20"	"NTNHQNItPISKSVL"	NA	NA	-3.21	"P25302"
"YER111C"	"SWI4"	"S806"	"PSKILENsPILYRRR"	-3.48	NA	NA	"P25302"
"YDR146C"	"SWI5"	"S250"	"NSLSPMIsPPMSNTS"	-2.1440457	NA	NA	"P08153"
"YDR146C"	"SWI5"	"S261"	"SNTSFTGsPSRRNNR"	-2.1440457	NA	NA	"P08153"
"YDR146C"	"SWI5"	"S278"	"YCLQRKNsSGTVGPL"	NA	NA	-1.3	"P08153"
"YDR146C"	"SWI5"	"S297"	"LNEGFNDsLISPKKI"	NA	NA	-1.3	"P08153"
"YDR146C"	"SWI5"	"S300"	"GFNDSLIsPKKIRSN"	NA	NA	-2.4	"P08153"
"YDR146C"	"SWI5"	"S492"	"FVISETPsPVLKSQS"	-0.65	0.18	-2.48	"P08153"
"YDR146C"	"SWI5"	"S505"	"QSKYEGRsPQFGTHI"	NA	NA	-1.7	"P08153"
"YDR146C"	"SWI5"	"S522"	"INTYTTNsPSKITRK"	NA	-0.68	-4	"P08153"
"YDR146C"	"SWI5"	"T531"	"SKITRKLtTLPRGSI"	NA	NA	-2.94	"P08153"
"YDR146C"	"SWI5"	"S660"	"PRKDGTSsVSSSPIK"	NA	NA	-2.08	"P08153"
"YDR146C"	"SWI5"	"S664"	"GTSSVSSsPIKENIN"	NA	NA	-2.08	"P08153"
"YDR146C"	"SWI5"	"S702"	"NGTGIMVsPMKTNQR"	NA	NA	-1.56	"P08153"
"YLR182W"	"SWI6"	"S149"	"INNLQDMsLDSDAHR"	NA	NA	-1.72	"P09959"
"YLR182W"	"SWI6"	"S152"	"LQDMSLDsDAHRELG"	NA	NA	-2.3	"P09959"
"YIL047C"	"SYG1"	"S342"	"TPTSELSsAQRDKEP"	NA	NA	-1.47	"P40528"
"YIL047C"	"SYG1"	"S859"	"RGTFRRRsSVFENIS"	-1.44	0.17	0.13	"P40528"
"YPL105C"	"SYH1"	"S638"	"KKFNRASsLDDFISR"	0.81	-1.12	0.41	"Q02875"
"YPL105C"	"SYH1"	"S687"	"VAGNQSKsYISLDTL"	-2.37	NA	0.55	"Q02875"
"YCR030C"	"SYP1"	"T314"	"ASASSSLtHNDLMNN"	NA	-1.64	NA	"P25623"
"YPR095C"	"SYT1"	"S297"	"AKNKPPLsPSSFIRT"	NA	NA	-1.11	"Q06836"
"YCR042C"	"TAF2"	"S163"	"NYTPITPsIKTTPGF"	NA	-1.14	NA	"P23255"
"YMR005W"	"TAF4"	"S36"	"TKPAFNLsPGKASEL"	NA	NA	-1.68	"P50105"
"YMR005W"	"TAF4"	"S49"	"ELSHSLPsPSQIKST"	NA	-0.91	-1.17	"P50105"
"YMR005W"	"TAF4"	"S51"	"SHSLPSPsQIKSTAH"	NA	NA	-2.06	"P50105"
"YGL232W"	"TAN1"	"T98"	"QELKGEEtGKDLSSG"	-1.21	NA	NA	"P53072"
"YML072C"	"TCB3"	"T1350"	"NLNSTSVtPRASLDY"	-0.52	-1.57	-0.07	"Q03640"
"YML072C"	"TCB3"	"S1373"	"YAPVQSAsPVVKPTD"	NA	1.75	-1.81	"Q03640"
"YPL180W"	"TCO89"	"T52"	"KGLRRVLtHDGTLDN"	-0.38	-2.35	0.31	"Q08921"
"YPL180W"	"TCO89"	"S546"	"KNSAAPAsPLSNEHI"	-0.13	NA	-1.86	"Q08921"
"YMR291W"	"TDA1"	"T538"	"NEVDLLLtPRTASMS"	NA	-1.31	NA	"Q03533"
"YHR159W"	"TDA11"	"S27"	"STRNSIIsMSPVRKT"	NA	NA	-2.38	"P38854"
"YHR159W"	"TDA11"	"S29"	"RNSIISMsPVRKTGR"	NA	NA	-2.38	"P38854"
"YHR159W"	"TDA11"	"T236"	"HLDPSLNtPVKNRAF"	NA	NA	-3.11	"P38854"
"YHR159W"	"TDA11"	"S244"	"PVKNRAFsPVYQNIP"	NA	NA	-2.72	"P38854"
"YHR159W"	"TDA11"	"S263"	"TENAGNSsLPSSVSK"	NA	NA	-2.16	"P38854"
"YHR159W"	"TDA11"	"S267"	"GNSSLPSsVSKPKNM"	NA	NA	-3.65	"P38854"
"YHR159W"	"TDA11"	"S284"	"QSTNQSRsVSPQDIQ"	-1.02	NA	-0.48	"P38854"
"YHR159W"	"TDA11"	"S286"	"TNQSRSVsPQDIQER"	-1.02	NA	-0.48	"P38854"
"YML064C"	"TEM1"	"S231"	"SHNIRKPsSSPSSKA"	-1.69	NA	NA	"P38987"
"YML064C"	"TEM1"	"S235"	"RKPSSSPsSKAPSPG"	-1.69	NA	-1.8	"P38987"
"YML064C"	"TEM1"	"S236"	"KPSSSPSsKAPSPGV"	-1.69	NA	-1.8	"P38987"
"YML064C"	"TEM1"	"S240"	"SPSSKAPsPGVNT"	-1.69	NA	-1.8	"P38987"
"YKR062W"	"TFA2"	"S97"	"DDEDFGSsPSKKVRP"	NA	NA	-2.23	"P36145"
"YGR047C"	"TFC4"	"S194"	"LAAHLNAsDWEFWKI"	-4.96	NA	NA	"P33339"
"YGR186W"	"TFG1"	"S198"	"NNTVKDGsQTPTVDS"	-1.88	-0.45	-0.72	"P41895"
"YKL140W"	"TGL1"	"S466"	"RTHSADRsPLSVQAD"	-1.88	NA	-0.35	"P34163"
"YKR089C"	"TGL4"	"T675"	"NSTLLTRtPTKGDNH"	NA	NA	-1.98	"P36165"
"YKR089C"	"TGL4"	"S756"	"SFSFSVAsPTSRMLR"	NA	NA	-2.82	"P36165"
"YKR089C"	"TGL4"	"S836"	"HMNKKWVsSSNILYT"	NA	NA	-1.03	"P36165"
"YIL078W"	"THS1"	"S289"	"FKLLKNSsCYFLGDA"	NA	-1.07	NA	"P04801"
"YIL078W"	"THS1"	"T665"	"DVDLTGNtLQKKVRN"	NA	NA	-5.46	"P04801"
"YGL049C"	"TIF4632"	"T196"	"TPFEKEAtPVLPANE"	-4.68	NA	NA	"P39936"
"YGL049C"	"TIF4632"	"T301"	"KSGASVKtPQHVTGS"	NA	NA	-1.49	"P39936"
"YGR181W"	"TIM13"	"S100"	"ISRIQNAsASGEI"	-1.72	NA	NA	"P53299"
"YGR181W"	"TIM13"	"S102"	"RIQNASAsGEI"	-1.72	NA	NA	"P53299"
"YOR091W"	"TMA46"	"S386"	"IKDYGDGsNPTFDIK"	NA	NA	-2.65	"Q12000"
"YNL273W"	"TOF1"	"T85"	"VAEYRILtDDLLPIL"	NA	NA	-1.67	"P53840"
"YNL273W"	"TOF1"	"S100"	"IDWENKCsLAAKLAK"	NA	NA	-1.67	"P53840"
"YNL088W"	"TOP2"	"S128"	"FGHLLTSsNYDDDEK"	-9.08	NA	NA	"P06786"
"YNL088W"	"TOP2"	"T1250"	"TKIKKEKtPSVSETK"	-2.52	NA	-0.78	"P06786"
"YLR183C"	"TOS4"	"S94"	"ETSPKFSsKLSSPSR"	NA	NA	-2.08	"Q06266"
"YLR183C"	"TOS4"	"S98"	"KFSSKLSsPSRHTRV"	NA	NA	-2.08	"Q06266"
"YPR156C"	"TPO3"	"S132"	"SNEDALEsDNNEKGK"	NA	0.2	-1.96	"Q06451"
"YOR273C"	"TPO4"	"S614"	"HTQPVPAsFDREDGQ"	-1.52	-0.49	NA	"Q12256"
"YDR074W"	"TPS2"	"S638"	"KLPQLGLsAEHGCFM"	NA	NA	-2.29	"P31688"
"YMR261C"	"TPS3"	"S148"	"APSARVCsPSQEASA"	-0.41	-1.53	0.04	"P38426"
"YMR233W"	"TRI1"	"S113"	"RKKKKNDsPDSNSIS"	NA	NA	-3.85	"Q05024"
"YKR056W"	"TRM2"	"S600"	"SIPRHVMsSTSSKKQ"	NA	-2.58	NA	"P33753"
"YKR056W"	"TRM2"	"S601"	"IPRHVMSsTSSKKQK"	NA	-2.58	NA	"P33753"
"YKL211C"	"TRP3"	"S395"	"EPLVEVNsKEELQRA"	NA	-5.28	-2.18	"P00937"
"YKR079C"	"TRZ1"	"S551"	"DHHLGIIsVLNEWYK"	NA	NA	-2.67	"P36159"
"YER093C"	"TSC11"	"T28"	"TNTTPLLtPRHSRDN"	NA	NA	-2.53	"P40061"
"YML100W"	"TSL1"	"S77"	"ISRSATRsPSAFNRA"	-0.6	-2.52	0.11	"P38427"
"YML100W"	"TSL1"	"S135"	"GSVERFFsPSSNIPT"	NA	-1.07	NA	"P38427"
"YML100W"	"TSL1"	"S147"	"IPTDRIAsPIQHEHD"	-1.26	-0.78	0.17	"P38427"
"YML100W"	"TSL1"	"S155"	"PIQHEHDsGSRIASP"	NA	-1.12	NA	"P38427"
"YML100W"	"TSL1"	"S161"	"DSGSRIAsPIQQQQQ"	NA	-1.28	-0.53	"P38427"
"YOR344C"	"TYE7"	"T236"	"DGAETAAtTPLPSAA"	NA	0.09	-1.09	"P33122"
"YKL210W"	"UBA1"	"S473"	"IVVTDNDsIEKSNLN"	NA	NA	-2.48	"P22515"
"YOR124C"	"UBP2"	"S917"	"EDTTGLTsPTRVAKI"	-0.15	NA	-1.18	"Q01476"
"YGR184C"	"UBR1"	"S296"	"AKTSPSNsPEASPSL"	-1.13	NA	-0.3	"P19812"
"YGR184C"	"UBR1"	"S300"	"PSNSPEAsPSLAKID"	-1.13	NA	-0.3	"P19812"
"YLR024C"	"UBR2"	"T303"	"VEYAISItKALEDSH"	NA	-1.57	NA	"Q07963"
"YLR024C"	"UBR2"	"S492"	"KMLKIMAsLFSLRDE"	NA	NA	-2.69	"Q07963"
"YLR024C"	"UBR2"	"S495"	"KIMASLFsLRDESRK"	NA	NA	-2.69	"Q07963"
"YKL010C"	"UFD4"	"T135"	"RLEQRRQtSEGLGQH"	NA	-4.61	NA	"P33202"
"YPL020C"	"ULP1"	"S21"	"YHKKNPYsPLFSPIS"	-1.62397147	NA	NA	"Q02724"
"YPL020C"	"ULP1"	"S25"	"NPYSPLFsPISTYRC"	-1.62397147	NA	NA	"Q02724"
"YIL031W"	"ULP2"	"S788"	"EDPVRAAsPETASVS"	NA	NA	-1.03	"P40537"
"YIL031W"	"ULP2"	"S793"	"AASPETAsVSPPIRH"	NA	NA	-1.03	"P40537"
"YIL031W"	"ULP2"	"S795"	"SPETASVsPPIRHNI"	NA	NA	-1.03	"P40537"
"YIL031W"	"ULP2"	"S983"	"DIDDVAFsSPTRGIP"	NA	-2.5	-1.73	"P40537"
"YIL031W"	"ULP2"	"S984"	"IDDVAFSsPTRGIPR"	NA	-2.5	-1.73	"P40537"
"YNR012W"	"URK1"	"S17"	"ERSSSFIsILDDETR"	-1.94	NA	NA	"P27515"
"YML029W"	"USA1"	"S374"	"FMPPDTRsQSPVSFA"	-1.5	NA	-0.84	"Q03714"
"YML029W"	"USA1"	"S376"	"PPDTRSQsPVSFAPT"	-0.42	-0.13	-1.4	"Q03714"
"YML029W"	"USA1"	"S379"	"TRSQSPVsFAPTQGR"	-0.19	-1.26	0.12	"Q03714"
"YML029W"	"USA1"	"T383"	"SPVSFAPtQGRSPAA"	NA	NA	-1.72	"Q03714"
"YKR060W"	"UTP30"	"T42"	"DIHIIINtGKKMGIN"	NA	NA	-4.52	"P36144"
"YCL063W"	"VAC17"	"S269"	"EPLRRYNsHESILSN"	NA	NA	-1.15	"P25591"
"YML115C"	"VAN1"	"S25"	"NGLSLPIsRNGSSNN"	NA	-0.48	-1.27	"P23642"
"YIL135C"	"VHS2"	"T279"	"ISRRYSNtTINNANG"	NA	-1.44	NA	"P40463"
"YIL135C"	"VHS2"	"S301"	"TGAALSRsPSNQQYL"	-0.63	NA	-1.47	"P40463"
"YIL135C"	"VHS2"	"S383"	"SQLAQPPsIANMVND"	NA	-2.68	NA	"P40463"
"YOR054C"	"VHS3"	"T90"	"PGLKRIPtVTFSDPK"	-1.73	NA	-0.1	"Q08438"
"YOR054C"	"VHS3"	"S225"	"RSRSNSTsPRPSVVV"	0.56	-1.48	0.23	"Q08438"
"YGL227W"	"VID30"	"S277"	"QYYPPDQsPSSSFSS"	NA	-3.09	NA	"P53076"
"YLR410W"	"VIP1"	"S1107"	"FTPVNITsPNLSFQK"	-2.33	-0.61	-0.19	"Q06685"
"YOR332W"	"VMA4"	"S108"	"EETKEKLsGIANNRD"	NA	-1.7	NA	"P22203"
"YNL321W"	"VNX1"	"T118"	"VPDLNTAtPSSPKRM"	NA	NA	-1.97	"P42839"
"YNL321W"	"VNX1"	"S121"	"LNTATPSsPKRMHSS"	-0.12	-0.66	-1.97	"P42839"
"YLL040C"	"VPS13"	"T1379"	"SESERTAtPQSLQGS"	-0.2	-1.32	NA	"Q07878"
"YNR006W"	"VPS27"	"S494"	"QQSVKANsSPTTNID"	NA	NA	-4.69	"P40343"
"YLR337C"	"VRP1"	"T701"	"ESISKNPtKSPPPPP"	NA	NA	-1.22	"P37370"
"YLR337C"	"VRP1"	"S703"	"ISKNPTKsPPPPPSP"	-0.66	NA	-1.24	"P37370"
"YLR337C"	"VRP1"	"S709"	"KSPPPPPsPSTMDTG"	-1.17	NA	-0.25	"P37370"
"YLR337C"	"VRP1"	"S711"	"PPPPPSPsTMDTGTS"	-1.17	NA	NA	"P37370"
"YLR337C"	"VRP1"	"T712"	"PPPPSPStMDTGTSN"	-1.17	NA	-0.14	"P37370"
"YFL004W"	"VTC2"	"S182"	"RSNFNTAsEPLASAS"	-0.95	-1.33	NA	"P43585"
"YPL019C"	"VTC3"	"S198"	"TSKLSHFsNLEDASF"	-0.27	-1.78	0.36	"Q02725"
"YPL019C"	"VTC3"	"S592"	"MRRLSKIsVPDGKTT"	-1.04	-0.53	-0.33	"Q02725"
"YML076C"	"WAR1"	"S126"	"KRKPRSRsPTPFESP"	NA	-1.03	-0.37	"Q03631"
"YOR083W"	"WHI5"	"T57"	"RLKNGFGtPSPPSPP"	-0.12	NA	-1.97	"Q12416"
"YOR083W"	"WHI5"	"S59"	"KNGFGTPsPPSPPGI"	-0.12	NA	-1.97	"Q12416"
"YOR083W"	"WHI5"	"S62"	"FGTPSPPsPPGITKS"	-0.12	-0.07	-1.97	"Q12416"
"YOR083W"	"WHI5"	"T80"	"SRRRPSTtSLQGIFM"	NA	NA	-2.94	"Q12416"
"YOR083W"	"WHI5"	"S88"	"SLQGIFMsPVNKRRV"	NA	NA	-2.94	"Q12416"
"YOR083W"	"WHI5"	"S154"	"RRSEVFLsPSPRLRS"	NA	-3.65	-6.53	"Q12416"
"YOR083W"	"WHI5"	"S156"	"SEVFLSPsPRLRSPP"	NA	-3.65	-6.53	"Q12416"
"YOR083W"	"WHI5"	"S161"	"SPSPRLRsPPTAARR"	NA	NA	-2.75	"Q12416"
"YNL283C"	"WSC2"	"T402"	"NTALSKNtASTFATY"	NA	-2.06	NA	"P53832"
"YHL028W"	"WSC4"	"T350"	"EITSRYLtMKKVITQ"	NA	NA	-2.28	"P38739"
"YHL028W"	"WSC4"	"S536"	"PILPRRTsTFLHSPI"	NA	NA	-2.25	"P38739"
"YHL028W"	"WSC4"	"S541"	"RTSTFLHsPIQKQHE"	NA	NA	-2.25	"P38739"
"YDR369C"	"XRS2"	"S349"	"RAPEVEAsPVVSKKR"	NA	-2.34	NA	"P33301"
"YLR272C"	"YCS4"	"S406"	"FTSLAVRsLQDRSSL"	NA	NA	-4.19	"Q06156"
"YML027W"	"YOX1"	"T324"	"NPQKKTLtPVKTSPN"	NA	-1.41	NA	"P34161"
"YKL126W"	"YPK1"	"T57"	"SSLDRKGtINPSNSS"	NA	-1.89	NA	"P12688"
"YIL063C"	"YRB2"	"T31"	"PIDKLDGtPKRPREK"	NA	-0.33	-1.24	"P40517"
"YDR545W"	"YRF1-1"	"S1226"	"SIIALPSsFQESNSS"	NA	NA	-2.4	"P0CX20"
"YDR545W"	"YRF1-1"	"S1233"	"SFQESNSsDRCRKYC"	NA	-2.38	NA	"P0CX20"
"YHR016C"	"YSC84"	"S311"	"EDYDYGRsPNRNSSR"	-2.6	NA	-1.84	"P32793"
"YDR326C"	"YSP2"	"S570"	"KKFLNRRsFSPSNLG"	NA	-1.9	-1.2	"Q06681"
"YDR326C"	"YSP2"	"S572"	"FLNRRSFsPSNLGNK"	NA	-0.37	-1.2	"Q06681"
"YDR326C"	"YSP2"	"T900"	"PIPNNFLtKKIRDYA"	NA	NA	-1.58	"Q06681"
"YJL056C"	"ZAP1"	"S156"	"PTSPQQNsKSDLPRR"	NA	NA	-1.27	"P47043"
"YJL056C"	"ZAP1"	"S515"	"YERFRNQsEPPSLPK"	NA	NA	-1.45	"P47043"
"YML109W"	"ZDS2"	"T840"	"SNAPIKFtDSAFGFP"	-2.62	NA	NA	"P54786"
"YNR039C"	"ZRG17"	"S58"	"QNRTFFAsPRPSSLF"	NA	NA	-2.51	"P53735"
"YNR039C"	"ZRG17"	"S63"	"FASPRPSsLFYSAKE"	NA	NA	-1.78	"P53735"
"YER033C"	"ZRG8"	"S914"	"LNRRTLKsPLRGGSK"	NA	NA	-4.45	"P40021"
"YGL255W"	"ZRT1"	"T169"	"THDEIKDtVVRNTAA"	NA	-4.53	NA	"P32804"
"YLR130C"	"ZRT2"	"S162"	"NMDSDPVsFNNEAAY"	-1.73	-0.84	NA	"Q12436"
"YLR130C"	"ZRT2"	"S170"	"FNNEAAYsIHNDKTP"	-2.09	0.27	NA	"Q12436"
"YKL175W"	"ZRT3"	"S178"	"PQMKKKMsLIDLLTR"	-4.69	-0.79	-1.14	"P34240"
"YGR285C"	"ZUO1"	"S50"	"TLRNHTWsEFERIEA"	-0.78	-1.65	0.07	"P32527"
"YER158C"	"#N/A"	"S11"	"QGSSSRRsLHGNDFH"	NA	NA	-1.89	"P40095"
"YBR016W"	"#N/A"	"S18"	"AGEKSQYsRPSNPPP"	NA	NA	-1.28	"P38216"
"YBR016W"	"#N/A"	"S21"	"KSQYSRPsNPPPSSA"	NA	NA	-1.28	"P38216"
"YLR177W"	"#N/A"	"S31"	"KLLFKNNsGKSLADL"	-1.61	NA	0.26	"Q06251"
"YLR177W"	"#N/A"	"S34"	"FKNNSGKsLADLPGK"	-1.61	NA	0.26	"Q06251"
"YBR012W-A"	"#N/A"	"S36"	"NQDPLDVsASKIQEY"	NA	NA	-1.09	"Q12217"
"YDR532C"	"#N/A"	"T40"	"QELRLKNtLHEITSS"	NA	NA	-3.5	"Q04431"
"YER079W"	"#N/A"	"S41"	"DLDQRSMsPSNIASG"	-1.41	-1.19	-0.39	"P40052"
"YGR125W"	"#N/A"	"S42"	"RASVSAMsPPLCRSY"	1.42	-1.31	-1.11	"P53273"
"YDR089W"	"#N/A"	"S43"	"DYDNPNDsGMEKLLN"	NA	NA	-1.21	"P38966"
"YDL133W"	"#N/A"	"S45"	"QTVRKSGsLEALQNA"	-0.2	NA	-1.61	"Q12516"
"YDR532C"	"#N/A"	"T45"	"KNTLHEItSSILAIN"	NA	NA	-3.5	"Q04431"
"YBR012W-A"	"#N/A"	"S47"	"IQEYDKAsTKANSQQ"	NA	NA	-1.21	"Q12217"
"YDR532C"	"#N/A"	"S47"	"TLHEITSsILAINEE"	NA	NA	-3.5	"Q04431"
"YDR239C"	"#N/A"	"S63"	"APDIPPRsPNRNAHS"	NA	NA	-2.1	"Q03780"
"YGR149W"	"#N/A"	"S78"	"HHLNRSRsFLQLEDF"	-1.13	-1.48	-0.08	"P48236"
"YLR049C"	"#N/A"	"S80"	"QGSPVAPsPNHRSTM"	-1.239757126	NA	NA	"Q12110"
"YDL199C"	"#N/A"	"S90"	"SEHTPRLsMDDPYRQ"	-3.09	NA	-0.24	"Q12407"
"YDR445C"	"#N/A"	"S99"	"SLYSFDRsACDDWFG"	NA	-3.53	NA	"Q04100"
"YGR126W"	"#N/A"	"S101"	"HNALEGNsETVDSLK"	-1.47	NA	NA	"P53274"
"YFL042C"	"#N/A"	"S103"	"SFKSNVPsPVSRSTT"	0.41	NA	-1.21	"P43560"
"YGR126W"	"#N/A"	"S106"	"GNSETVDsLKEDGLN"	-1.47	NA	0.6	"P53274"
"YIL024C"	"#N/A"	"S107"	"QLMDIPLsPHTRSNT"	NA	NA	-1.99	"P40543"
"YFL042C"	"#N/A"	"T110"	"SPVSRSTtPTSPVSQ"	0.72	-1.01	0.93	"P43560"
"YDL057W"	"#N/A"	"S111"	"FRGQGDSsDNCDPGL"	NA	NA	-3.03	"Q07379"
"YDR348C"	"#N/A"	"T116"	"LDDVSSAtDFRRSPP"	NA	-1.03	NA	"Q05518"
"YGR237C"	"#N/A"	"S117"	"PSKSYLRsPSVERSR"	NA	NA	-3.13	"P50089"
"YGR237C"	"#N/A"	"S119"	"KSYLRSPsVERSRSE"	NA	NA	-3.13	"P50089"
"YDR348C"	"#N/A"	"S121"	"SATDFRRsPPPVSRN"	NA	-1.35	-0.83	"Q05518"
"YGR237C"	"#N/A"	"S125"	"PSVERSRsESPMFRS"	NA	NA	-1.08	"P50089"
"YLR257W"	"#N/A"	"S126"	"NKSINSEsFSSPSLR"	NA	-0.1	-1.17	"Q06146"
"YLR049C"	"#N/A"	"S127"	"IRPQKNLsVDSLIQE"	-1.52	0.01	0.92	"Q12110"
"YLR257W"	"#N/A"	"S128"	"SINSESFsSPSLRAS"	NA	NA	-1.15	"Q06146"
"YLR049C"	"#N/A"	"S130"	"QKNLSVDsLIQENKR"	-1.52	-0.14	0.92	"Q12110"
"YNL058C"	"#N/A"	"S144"	"RGHHKHSsSLQSNPF"	NA	NA	-1.81	"P53947"
"YNL058C"	"#N/A"	"S148"	"KHSSSLQsNPFDIND"	NA	NA	-1.66	"P53947"
"YFL042C"	"#N/A"	"S149"	"ATIAEIGsPLQQVEK"	NA	-2.44	NA	"P43560"
"YDR239C"	"#N/A"	"S166"	"KSITTSIsNNTTKEE"	NA	-2.65	NA	"Q03780"
"YDR239C"	"#N/A"	"T169"	"TTSISNNtTKEEIES"	NA	-2.65	NA	"Q03780"
"YDR239C"	"#N/A"	"T170"	"TSISNNTtKEEIESN"	NA	-2.65	NA	"Q03780"
"YPR174C"	"#N/A"	"S170"	"VNPLVTSsPIHMSPL"	NA	-0.88	-2.85	"Q06616"
"YPR174C"	"#N/A"	"S175"	"TSSPIHMsPLQSRQR"	NA	-0.88	-2.85	"Q06616"
"YKL147C"	"#N/A"	"T178"	"DRVTNPFtISRSTFS"	NA	NA	-2.93	"P36061"
"YPR174C"	"#N/A"	"S179"	"IHMSPLQsRQRPVSS"	NA	-1.16	NA	"Q06616"
"YKL147C"	"#N/A"	"S180"	"VTNPFTIsRSTFSNN"	NA	NA	-2.93	"P36061"
"YGR237C"	"#N/A"	"T186"	"TKMTERNtQKNSGSR"	NA	NA	-2.56	"P50089"
"YDR348C"	"#N/A"	"S195"	"PSSHREHsNSGTYIS"	NA	NA	-1.24	"Q05518"
"YJR056C"	"#N/A"	"S221"	"EKKPKLDsDSEVDIR"	NA	NA	-1.07	"P47115"
"YDR089W"	"#N/A"	"S238"	"NNSSLPAsPRSIPLL"	0.02	NA	-1.29	"P38966"
"YJL193W"	"#N/A"	"S247"	"SGFSRQEsPLPLYEK"	NA	NA	-3.69	"P39542"
"YMR031C"	"#N/A"	"S249"	"HGNLNQFsFSNEMMN"	NA	NA	-1.22	"Q05050"
"YLR283W"	"#N/A"	"S278"	"CSIMIGVsASKKERP"	NA	-5.11	NA	"Q05867"
"YFL054C"	"#N/A"	"S284"	"SSIADAEsRKLKNMQ"	NA	NA	-4.13	"P43549"
"YNL058C"	"#N/A"	"T287"	"LIPVASAtSNTSSPK"	NA	NA	-2.51	"P53947"
"YNL058C"	"#N/A"	"S292"	"SATSNTSsPKKAHKR"	NA	-1.24	-1.63	"P53947"
"YML119W"	"#N/A"	"S310"	"DGKAMDRsDIFRMVD"	NA	NA	-4.19	"Q03208"
"YDR348C"	"#N/A"	"S313"	"DSDIYQYsSQTLRRG"	NA	NA	-5.21	"Q05518"
"YOL019W"	"#N/A"	"S325"	"GLKNGSVsNNYVRNN"	NA	-2.38	NA	"Q08157"
"YBL005W-A"	"#N/A"	"S409"	"NVSTFNNsPGPDNDL"	-0.18	NA	-1.03	"Q12266"
"YOL036W"	"#N/A"	"S424"	"MPFLRRAsSALLRKT"	NA	-1.31	NA	"Q08206"
"YOL036W"	"#N/A"	"S425"	"PFLRRASsALLRKTS"	NA	-1.31	NA	"Q08206"
"YAR009C"	"#N/A"	"S434"	"REVDPNIsESNILPS"	NA	0.19	-1.4	"O13527"
"YPL141C"	"#N/A"	"S441"	"LSHEQSLsPVQNIRQ"	NA	-1.44	NA	"Q03002"
"YAR009C"	"#N/A"	"T447"	"PSKKRSStPQISNIE"	0.19	-0.34	-1.07	"O13527"
"YPL150W"	"#N/A"	"S456"	"YSHSIAGsPRKSNNF"	NA	NA	-1.09	"Q12152"
"YFR016C"	"#N/A"	"T458"	"EKNLQHGtNDISVEV"	NA	NA	-1.18	"P43597"
"YKL105C"	"#N/A"	"T500"	"SATDLRAtAKTSVES"	NA	-1.13	0.34	"P34250"
"YKL105C"	"#N/A"	"T503"	"DLRATAKtSVESEIG"	NA	-1.13	0.09	"P34250"
"YNL144C"	"#N/A"	"S503"	"NFRSRSNsNPIDPLR"	NA	-0.45	-1.35	"P53907"
"YKL105C"	"#N/A"	"S504"	"LRATAKTsVESEIGG"	NA	-1.13	-0.16	"P34250"
"YAR009C"	"#N/A"	"S522"	"NKTVPQIsDQETEKR"	-1.21	-0.12	-0.46	"O13527"
"YMR124W"	"#N/A"	"S584"	"STFSSTFsDSPSKQR"	NA	NA	-1.47	"P39523"
"YMR124W"	"#N/A"	"S586"	"FSSTFSDsPSKQRII"	NA	-1.71	-2.2	"P39523"
"YLR072W"	"#N/A"	"S591"	"DTLKPLPsVTSFGSP"	-0.13	-0.57	-1.85	"Q08001"
"YLR072W"	"#N/A"	"T593"	"LKPLPSVtSFGSPRK"	0.25	-0.37	-1.71	"Q08001"
"YIR007W"	"#N/A"	"T594"	"YHDTRAKtPTPEPSP"	-1.38	NA	-1.14	"P40566"
"YIR007W"	"#N/A"	"T596"	"DTRAKTPtPEPSPAS"	NA	NA	-1.14	"P40566"
"YMR031C"	"#N/A"	"S649"	"LKQLEVDsLINERKS"	-1.23	0.25	NA	"Q05050"
"YMR086W"	"#N/A"	"S658"	"SIRSNSPsPPEKINN"	NA	NA	-1.62	"Q04279"
"YMR086W"	"#N/A"	"S669"	"KINNKRHsAIPLGTP"	NA	NA	-2.8	"Q04279"
"YPR091C"	"#N/A"	"S669"	"RPVPRRPsQPLNTLS"	0.94	-1.13	0.13	"Q06833"
"YMR086W"	"#N/A"	"T675"	"HSAIPLGtPEKGKPK"	NA	NA	-3.94	"Q04279"
"YPR091C"	"#N/A"	"S676"	"SQPLNTLsPKLEGRK"	-0.17	-1.13	-0.49	"Q06833"
"YPR091C"	"#N/A"	"S734"	"GDPHVKAsKLESSQA"	-2.3	NA	NA	"Q06833"
"YFR016C"	"#N/A"	"T751"	"MGDVGSTtSFKEEEK"	NA	0.12	-1.05	"P43597"
"YFR016C"	"#N/A"	"S752"	"GDVGSTTsFKEEEKP"	NA	0.12	-5.05	"P43597"
"YLL032C"	"#N/A"	"S762"	"NTSQSGAsPQRHKMP"	NA	NA	-1.87	"Q07834"
"YMR124W"	"#N/A"	"S771"	"NASEEDFsFDNTLAK"	NA	NA	-1.56	"P39523"
"YGR125W"	"#N/A"	"T823"	"TKNKKIDtIGNGLNR"	-3.03	NA	NA	"P53273"
"YGR125W"	"#N/A"	"S832"	"GNGLNRGsNGDTARN"	-3.03	NA	NA	"P53273"
"YGR125W"	"#N/A"	"T836"	"NRGSNGDtARNLMSL"	-3.03	NA	NA	"P53273"
"YGR125W"	"#N/A"	"S842"	"DTARNLMsLPTNTPR"	-0.39	-2.7	NA	"P53273"
"YEL043W"	"#N/A"	"S847"	"RRSFHASsPPFNSIW"	NA	NA	-1.12	"P32618"
"YEL043W"	"#N/A"	"S862"	"NSNTNQLsPPLEEQY"	NA	NA	-1.12	"P32618"
"YMR086W"	"#N/A"	"S870"	"QKENNVVsPGVSSPN"	NA	NA	-1.91	"Q04279"
"YMR259C"	"#N/A"	"S967"	"RKLLDLAsIAKQNQL"	NA	-10.03	-6.84	"Q03496"
"YKL105C"	"#N/A"	"T975"	"HVSRKSWtFGLPSPL"	NA	NA	-1.02	"P34250"
"YKL105C"	"#N/A"	"S980"	"SWTFGLPsPLKRRTS"	NA	NA	-3.64	"P34250"
"YCL019W"	"#N/A"	"S1014"	"TVESDTTsPRHSSTF"	NA	NA	-1.68	"P25384"
"YBL005W-B"	"#N/A"	"S1055"	"FRHSDSYsDNETNHT"	NA	0.04	-1.03	"Q12490"
"YMR196W"	"#N/A"	"S1081"	"IDPMDPMsPLNKDVS"	NA	NA	-1.25	"Q04336"
"YBL005W-B"	"#N/A"	"S1095"	"RIIHRSPsIDTSSSE"	NA	-0.93	-1.06	"Q12490"
